dataflow,last update,freq,unit,wstatus,nace_r2,geo,time_period,obs_value,obs_flag,conf_status
ESTAT:NAMA_10R_3EMPERS(1.0),31/07/26 23:00:00,A,THS,EMP,C,DK,2000,400.89,,
ESTAT:NAMA_10R_3EMPERS(1.0),31/07/26 23:00:00,A,THS,EMP,C,DK,2001,403.18,,
ESTAT:NAMA_10R_3EMPERS(1.0),31/07/26 23:00:00,A,THS,EMP,C,DK,2002,392.59,,
ESTAT:NAMA_10R_3EMPERS(1.0),31/07/26 23:00:00,A,THS,EMP,C,DK,2003,375.95,,
ESTAT:NAMA_10R_3EMPERS(1.0),31/07/26 23:00:00,A,THS,EMP,C,DK,2004,360.41,,
ESTAT:NAMA_10R_3EMPERS(1.0),31/07/26 23:00:00,A,THS,EMP,C,DK,2005,353.5,,
ESTAT:NAMA_10R_3EMPERS(1.0),31/07/26 23:00:00,A,THS,EMP,C,DK,2006,352.22,,
ESTAT:NAMA_10R_3EMPERS(1.0),31/07/26 23:00:00,A,THS,EMP,C,DK,2007,361.88,,
ESTAT:NAMA_10R_3EMPERS(1.0),31/07/26 23:00:00,A,THS,EMP,C,DK,2008,363.57,,
ESTAT:NAMA_10R_3EMPERS(1.0),31/07/26 23:00:00,A,THS,EMP,C,DK,2009,317.19,,
ESTAT:NAMA_10R_3EMPERS(1.0),31/07/26 23:00:00,A,THS,EMP,C,DK,2010,289.02,,
ESTAT:NAMA_10R_3EMPERS(1.0),31/07/26 23:00:00,A,THS,EMP,C,DK,2011,288.85,,
ESTAT:NAMA_10R_3EMPERS(1.0),31/07/26 23:00:00,A,THS,EMP,C,DK,2012,283.33,,
ESTAT:NAMA_10R_3EMPERS(1.0),31/07/26 23:00:00,A,THS,EMP,C,DK,2013,278.24,,
ESTAT:NAMA_10R_3EMPERS(1.0),31/07/26 23:00:00,A,THS,EMP,C,DK,2014,276.77,,
ESTAT:NAMA_10R_3EMPERS(1.0),31/07/26 23:00:00,A,THS,EMP,C,DK,2015,280.06,,
ESTAT:NAMA_10R_3EMPERS(1.0),31/07/26 23:00:00,A,THS,EMP,C,DK,2016,284.56,,
ESTAT:NAMA_10R_3EMPERS(1.0),31/07/26 23:00:00,A,THS,EMP,C,DK,2017,290.04,,
ESTAT:NAMA_10R_3EMPERS(1.0),31/07/26 23:00:00,A,THS,EMP,C,DK,2018,290.19,,
ESTAT:NAMA_10R_3EMPERS(1.0),31/07/26 23:00:00,A,THS,EMP,C,DK,2019,291.05,,
ESTAT:NAMA_10R_3EMPERS(1.0),31/07/26 23:00:00,A,THS,EMP,C,DK,2020,285.26,,
ESTAT:NAMA_10R_3EMPERS(1.0),31/07/26 23:00:00,A,THS,EMP,C,DK,2021,291.52,,
ESTAT:NAMA_10R_3EMPERS(1.0),31/07/26 23:00:00,A,THS,EMP,C,DK,2022,304.43,,
ESTAT:NAMA_10R_3EMPERS(1.0),31/07/26 23:00:00,A,THS,EMP,C,DK,2023,310.76,,
ESTAT:NAMA_10R_3EMPERS(1.0),31/07/26 23:00:00,A,THS,EMP,C,DK,2024,318.0,,
ESTAT:NAMA_10R_3EMPERS(1.0),31/07/26 23:00:00,A,THS,EMP,C,DK011,2000,15.65,,
ESTAT:NAMA_10R_3EMPERS(1.0),31/07/26 23:00:00,A,THS,EMP,C,DK011,2001,14.93,,
ESTAT:NAMA_10R_3EMPERS(1.0),31/07/26 23:00:00,A,THS,EMP,C,DK011,2002,14.56,,
ESTAT:NAMA_10R_3EMPERS(1.0),31/07/26 23:00:00,A,THS,EMP,C,DK011,2003,14.66,,
ESTAT:NAMA_10R_3EMPERS(1.0),31/07/26 23:00:00,A,THS,EMP,C,DK011,2004,14.15,,
ESTAT:NAMA_10R_3EMPERS(1.0),31/07/26 23:00:00,A,THS,EMP,C,DK011,2005,13.23,,
ESTAT:NAMA_10R_3EMPERS(1.0),31/07/26 23:00:00,A,THS,EMP,C,DK011,2006,12.55,,
ESTAT:NAMA_10R_3EMPERS(1.0),31/07/26 23:00:00,A,THS,EMP,C,DK011,2007,12.99,,
ESTAT:NAMA_10R_3EMPERS(1.0),31/07/26 23:00:00,A,THS,EMP,C,DK011,2008,12.91,,
ESTAT:NAMA_10R_3EMPERS(1.0),31/07/26 23:00:00,A,THS,EMP,C,DK011,2009,12.51,,
ESTAT:NAMA_10R_3EMPERS(1.0),31/07/26 23:00:00,A,THS,EMP,C,DK011,2010,11.09,,
ESTAT:NAMA_10R_3EMPERS(1.0),31/07/26 23:00:00,A,THS,EMP,C,DK011,2011,11.96,,
ESTAT:NAMA_10R_3EMPERS(1.0),31/07/26 23:00:00,A,THS,EMP,C,DK011,2012,12.25,,
ESTAT:NAMA_10R_3EMPERS(1.0),31/07/26 23:00:00,A,THS,EMP,C,DK011,2013,11.05,,
ESTAT:NAMA_10R_3EMPERS(1.0),31/07/26 23:00:00,A,THS,EMP,C,DK011,2014,10.7,,
ESTAT:NAMA_10R_3EMPERS(1.0),31/07/26 23:00:00,A,THS,EMP,C,DK011,2015,10.5,,
ESTAT:NAMA_10R_3EMPERS(1.0),31/07/26 23:00:00,A,THS,EMP,C,DK011,2016,10.62,,
ESTAT:NAMA_10R_3EMPERS(1.0),31/07/26 23:00:00,A,THS,EMP,C,DK011,2017,11.44,,
ESTAT:NAMA_10R_3EMPERS(1.0),31/07/26 23:00:00,A,THS,EMP,C,DK011,2018,11.86,,
ESTAT:NAMA_10R_3EMPERS(1.0),31/07/26 23:00:00,A,THS,EMP,C,DK011,2019,11.77,,
ESTAT:NAMA_10R_3EMPERS(1.0),31/07/26 23:00:00,A,THS,EMP,C,DK011,2020,11.42,,
ESTAT:NAMA_10R_3EMPERS(1.0),31/07/26 23:00:00,A,THS,EMP,C,DK011,2021,11.51,,
ESTAT:NAMA_10R_3EMPERS(1.0),31/07/26 23:00:00,A,THS,EMP,C,DK011,2022,11.85,,
ESTAT:NAMA_10R_3EMPERS(1.0),31/07/26 23:00:00,A,THS,EMP,C,DK011,2023,11.88,,
ESTAT:NAMA_10R_3EMPERS(1.0),31/07/26 23:00:00,A,THS,EMP,C,DK011,2024,12.54,,
ESTAT:NAMA_10R_3EMPERS(1.0),31/07/26 23:00:00,A,THS,EMP,C,DK012,2000,31.79,,
ESTAT:NAMA_10R_3EMPERS(1.0),31/07/26 23:00:00,A,THS,EMP,C,DK012,2001,32.64,,
ESTAT:NAMA_10R_3EMPERS(1.0),31/07/26 23:00:00,A,THS,EMP,C,DK012,2002,30.33,,
ESTAT:NAMA_10R_3EMPERS(1.0),31/07/26 23:00:00,A,THS,EMP,C,DK012,2003,30.04,,
ESTAT:NAMA_10R_3EMPERS(1.0),31/07/26 23:00:00,A,THS,EMP,C,DK012,2004,30.52,,
ESTAT:NAMA_10R_3EMPERS(1.0),31/07/26 23:00:00,A,THS,EMP,C,DK012,2005,30.58,,
ESTAT:NAMA_10R_3EMPERS(1.0),31/07/26 23:00:00,A,THS,EMP,C,DK012,2006,30.81,,
ESTAT:NAMA_10R_3EMPERS(1.0),31/07/26 23:00:00,A,THS,EMP,C,DK012,2007,30.96,,
ESTAT:NAMA_10R_3EMPERS(1.0),31/07/26 23:00:00,A,THS,EMP,C,DK012,2008,32.28,,
ESTAT:NAMA_10R_3EMPERS(1.0),31/07/26 23:00:00,A,THS,EMP,C,DK012,2009,29.94,,
ESTAT:NAMA_10R_3EMPERS(1.0),31/07/26 23:00:00,A,THS,EMP,C,DK012,2010,28.29,,
ESTAT:NAMA_10R_3EMPERS(1.0),31/07/26 23:00:00,A,THS,EMP,C,DK012,2011,28.78,,
ESTAT:NAMA_10R_3EMPERS(1.0),31/07/26 23:00:00,A,THS,EMP,C,DK012,2012,28.66,,
ESTAT:NAMA_10R_3EMPERS(1.0),31/07/26 23:00:00,A,THS,EMP,C,DK012,2013,29.25,,
ESTAT:NAMA_10R_3EMPERS(1.0),31/07/26 23:00:00,A,THS,EMP,C,DK012,2014,29.44,,
ESTAT:NAMA_10R_3EMPERS(1.0),31/07/26 23:00:00,A,THS,EMP,C,DK012,2015,31.43,,
ESTAT:NAMA_10R_3EMPERS(1.0),31/07/26 23:00:00,A,THS,EMP,C,DK012,2016,32.29,,
ESTAT:NAMA_10R_3EMPERS(1.0),31/07/26 23:00:00,A,THS,EMP,C,DK012,2017,31.64,,
ESTAT:NAMA_10R_3EMPERS(1.0),31/07/26 23:00:00,A,THS,EMP,C,DK012,2018,31.67,,
ESTAT:NAMA_10R_3EMPERS(1.0),31/07/26 23:00:00,A,THS,EMP,C,DK012,2019,30.65,,
ESTAT:NAMA_10R_3EMPERS(1.0),31/07/26 23:00:00,A,THS,EMP,C,DK012,2020,30.99,,
ESTAT:NAMA_10R_3EMPERS(1.0),31/07/26 23:00:00,A,THS,EMP,C,DK012,2021,32.07,,
ESTAT:NAMA_10R_3EMPERS(1.0),31/07/26 23:00:00,A,THS,EMP,C,DK012,2022,33.44,,
ESTAT:NAMA_10R_3EMPERS(1.0),31/07/26 23:00:00,A,THS,EMP,C,DK012,2023,37.11,,
ESTAT:NAMA_10R_3EMPERS(1.0),31/07/26 23:00:00,A,THS,EMP,C,DK012,2024,40.56,,
ESTAT:NAMA_10R_3EMPERS(1.0),31/07/26 23:00:00,A,THS,EMP,C,DK013,2000,21.76,,
ESTAT:NAMA_10R_3EMPERS(1.0),31/07/26 23:00:00,A,THS,EMP,C,DK013,2001,22.04,,
ESTAT:NAMA_10R_3EMPERS(1.0),31/07/26 23:00:00,A,THS,EMP,C,DK013,2002,19.94,,
ESTAT:NAMA_10R_3EMPERS(1.0),31/07/26 23:00:00,A,THS,EMP,C,DK013,2003,20.02,,
ESTAT:NAMA_10R_3EMPERS(1.0),31/07/26 23:00:00,A,THS,EMP,C,DK013,2004,19.47,,
ESTAT:NAMA_10R_3EMPERS(1.0),31/07/26 23:00:00,A,THS,EMP,C,DK013,2005,20.18,,
ESTAT:NAMA_10R_3EMPERS(1.0),31/07/26 23:00:00,A,THS,EMP,C,DK013,2006,20.64,,
ESTAT:NAMA_10R_3EMPERS(1.0),31/07/26 23:00:00,A,THS,EMP,C,DK013,2007,21.6,,
ESTAT:NAMA_10R_3EMPERS(1.0),31/07/26 23:00:00,A,THS,EMP,C,DK013,2008,22.68,,
ESTAT:NAMA_10R_3EMPERS(1.0),31/07/26 23:00:00,A,THS,EMP,C,DK013,2009,20.68,,
ESTAT:NAMA_10R_3EMPERS(1.0),31/07/26 23:00:00,A,THS,EMP,C,DK013,2010,18.3,,
ESTAT:NAMA_10R_3EMPERS(1.0),31/07/26 23:00:00,A,THS,EMP,C,DK013,2011,17.85,,
ESTAT:NAMA_10R_3EMPERS(1.0),31/07/26 23:00:00,A,THS,EMP,C,DK013,2012,17.7,,
ESTAT:NAMA_10R_3EMPERS(1.0),31/07/26 23:00:00,A,THS,EMP,C,DK013,2013,17.19,,
ESTAT:NAMA_10R_3EMPERS(1.0),31/07/26 23:00:00,A,THS,EMP,C,DK013,2014,17.19,,
ESTAT:NAMA_10R_3EMPERS(1.0),31/07/26 23:00:00,A,THS,EMP,C,DK013,2015,17.71,,
ESTAT:NAMA_10R_3EMPERS(1.0),31/07/26 23:00:00,A,THS,EMP,C,DK013,2016,17.98,,
ESTAT:NAMA_10R_3EMPERS(1.0),31/07/26 23:00:00,A,THS,EMP,C,DK013,2017,18.27,,
ESTAT:NAMA_10R_3EMPERS(1.0),31/07/26 23:00:00,A,THS,EMP,C,DK013,2018,19.01,,
ESTAT:NAMA_10R_3EMPERS(1.0),31/07/26 23:00:00,A,THS,EMP,C,DK013,2019,19.92,,
ESTAT:NAMA_10R_3EMPERS(1.0),31/07/26 23:00:00,A,THS,EMP,C,DK013,2020,19.85,,
ESTAT:NAMA_10R_3EMPERS(1.0),31/07/26 23:00:00,A,THS,EMP,C,DK013,2021,21.85,,
ESTAT:NAMA_10R_3EMPERS(1.0),31/07/26 23:00:00,A,THS,EMP,C,DK013,2022,23.63,,
ESTAT:NAMA_10R_3EMPERS(1.0),31/07/26 23:00:00,A,THS,EMP,C,DK013,2023,24.25,,
ESTAT:NAMA_10R_3EMPERS(1.0),31/07/26 23:00:00,A,THS,EMP,C,DK013,2024,25.46,,
ESTAT:NAMA_10R_3EMPERS(1.0),31/07/26 23:00:00,A,THS,EMP,C,DK014,2000,2.18,,
ESTAT:NAMA_10R_3EMPERS(1.0),31/07/26 23:00:00,A,THS,EMP,C,DK014,2001,2.25,,
ESTAT:NAMA_10R_3EMPERS(1.0),31/07/26 23:00:00,A,THS,EMP,C,DK014,2002,2.13,,
ESTAT:NAMA_10R_3EMPERS(1.0),31/07/26 23:00:00,A,THS,EMP,C,DK014,2003,2.08,,
ESTAT:NAMA_10R_3EMPERS(1.0),31/07/26 23:00:00,A,THS,EMP,C,DK014,2004,1.92,,
ESTAT:NAMA_10R_3EMPERS(1.0),31/07/26 23:00:00,A,THS,EMP,C,DK014,2005,1.88,,
ESTAT:NAMA_10R_3EMPERS(1.0),31/07/26 23:00:00,A,THS,EMP,C,DK014,2006,1.91,,
ESTAT:NAMA_10R_3EMPERS(1.0),31/07/26 23:00:00,A,THS,EMP,C,DK014,2007,1.9,,
ESTAT:NAMA_10R_3EMPERS(1.0),31/07/26 23:00:00,A,THS,EMP,C,DK014,2008,1.93,,
ESTAT:NAMA_10R_3EMPERS(1.0),31/07/26 23:00:00,A,THS,EMP,C,DK014,2009,1.7,,
ESTAT:NAMA_10R_3EMPERS(1.0),31/07/26 23:00:00,A,THS,EMP,C,DK014,2010,1.56,,
ESTAT:NAMA_10R_3EMPERS(1.0),31/07/26 23:00:00,A,THS,EMP,C,DK014,2011,1.54,,
ESTAT:NAMA_10R_3EMPERS(1.0),31/07/26 23:00:00,A,THS,EMP,C,DK014,2012,1.53,,
ESTAT:NAMA_10R_3EMPERS(1.0),31/07/26 23:00:00,A,THS,EMP,C,DK014,2013,1.45,,
ESTAT:NAMA_10R_3EMPERS(1.0),31/07/26 23:00:00,A,THS,EMP,C,DK014,2014,1.45,,
ESTAT:NAMA_10R_3EMPERS(1.0),31/07/26 23:00:00,A,THS,EMP,C,DK014,2015,1.53,,
ESTAT:NAMA_10R_3EMPERS(1.0),31/07/26 23:00:00,A,THS,EMP,C,DK014,2016,1.66,,
ESTAT:NAMA_10R_3EMPERS(1.0),31/07/26 23:00:00,A,THS,EMP,C,DK014,2017,1.84,,
ESTAT:NAMA_10R_3EMPERS(1.0),31/07/26 23:00:00,A,THS,EMP,C,DK014,2018,1.73,,
ESTAT:NAMA_10R_3EMPERS(1.0),31/07/26 23:00:00,A,THS,EMP,C,DK014,2019,1.75,,
ESTAT:NAMA_10R_3EMPERS(1.0),31/07/26 23:00:00,A,THS,EMP,C,DK014,2020,1.49,,
ESTAT:NAMA_10R_3EMPERS(1.0),31/07/26 23:00:00,A,THS,EMP,C,DK014,2021,1.64,,
ESTAT:NAMA_10R_3EMPERS(1.0),31/07/26 23:00:00,A,THS,EMP,C,DK014,2022,1.64,,
ESTAT:NAMA_10R_3EMPERS(1.0),31/07/26 23:00:00,A,THS,EMP,C,DK014,2023,1.66,,
ESTAT:NAMA_10R_3EMPERS(1.0),31/07/26 23:00:00,A,THS,EMP,C,DK014,2024,1.65,,
ESTAT:NAMA_10R_3EMPERS(1.0),31/07/26 23:00:00,A,THS,EMP,C,FI,2000,440.2,,
ESTAT:NAMA_10R_3EMPERS(1.0),31/07/26 23:00:00,A,THS,EMP,C,FI,2001,444.0,,
ESTAT:NAMA_10R_3EMPERS(1.0),31/07/26 23:00:00,A,THS,EMP,C,FI,2002,434.7,,
ESTAT:NAMA_10R_3EMPERS(1.0),31/07/26 23:00:00,A,THS,EMP,C,FI,2003,422.7,,
ESTAT:NAMA_10R_3EMPERS(1.0),31/07/26 23:00:00,A,THS,EMP,C,FI,2004,411.8,,
ESTAT:NAMA_10R_3EMPERS(1.0),31/07/26 23:00:00,A,THS,EMP,C,FI,2005,412.6,,
ESTAT:NAMA_10R_3EMPERS(1.0),31/07/26 23:00:00,A,THS,EMP,C,FI,2006,415.7,,
ESTAT:NAMA_10R_3EMPERS(1.0),31/07/26 23:00:00,A,THS,EMP,C,FI,2007,420.5,,
ESTAT:NAMA_10R_3EMPERS(1.0),31/07/26 23:00:00,A,THS,EMP,C,FI,2008,426.3,,
ESTAT:NAMA_10R_3EMPERS(1.0),31/07/26 23:00:00,A,THS,EMP,C,FI,2009,383.6,,
ESTAT:NAMA_10R_3EMPERS(1.0),31/07/26 23:00:00,A,THS,EMP,C,FI,2010,365.9,,
ESTAT:NAMA_10R_3EMPERS(1.0),31/07/26 23:00:00,A,THS,EMP,C,FI,2011,370.0,,
ESTAT:NAMA_10R_3EMPERS(1.0),31/07/26 23:00:00,A,THS,EMP,C,FI,2012,368.6,,
ESTAT:NAMA_10R_3EMPERS(1.0),31/07/26 23:00:00,A,THS,EMP,C,FI,2013,354.9,,
ESTAT:NAMA_10R_3EMPERS(1.0),31/07/26 23:00:00,A,THS,EMP,C,FI,2014,345.1,,
ESTAT:NAMA_10R_3EMPERS(1.0),31/07/26 23:00:00,A,THS,EMP,C,FI,2015,339.9,,
ESTAT:NAMA_10R_3EMPERS(1.0),31/07/26 23:00:00,A,THS,EMP,C,FI,2016,336.3,,
ESTAT:NAMA_10R_3EMPERS(1.0),31/07/26 23:00:00,A,THS,EMP,C,FI,2017,336.6,,
ESTAT:NAMA_10R_3EMPERS(1.0),31/07/26 23:00:00,A,THS,EMP,C,FI,2018,342.3,,
ESTAT:NAMA_10R_3EMPERS(1.0),31/07/26 23:00:00,A,THS,EMP,C,FI,2019,343.4,,
ESTAT:NAMA_10R_3EMPERS(1.0),31/07/26 23:00:00,A,THS,EMP,C,FI,2020,337.2,,
ESTAT:NAMA_10R_3EMPERS(1.0),31/07/26 23:00:00,A,THS,EMP,C,FI,2021,338.0,,
ESTAT:NAMA_10R_3EMPERS(1.0),31/07/26 23:00:00,A,THS,EMP,C,FI,2022,346.3,,
ESTAT:NAMA_10R_3EMPERS(1.0),31/07/26 23:00:00,A,THS,EMP,C,FI,2023,347.3,,
ESTAT:NAMA_10R_3EMPERS(1.0),31/07/26 23:00:00,A,THS,EMP,C,FI,2024,344.8,,
ESTAT:NAMA_10R_3EMPERS(1.0),31/07/26 23:00:00,A,THS,EMP,C,FI1B1,2000,99.96,,
ESTAT:NAMA_10R_3EMPERS(1.0),31/07/26 23:00:00,A,THS,EMP,C,FI1B1,2001,100.2,,
ESTAT:NAMA_10R_3EMPERS(1.0),31/07/26 23:00:00,A,THS,EMP,C,FI1B1,2002,97.52,,
ESTAT:NAMA_10R_3EMPERS(1.0),31/07/26 23:00:00,A,THS,EMP,C,FI1B1,2003,91.86,,
ESTAT:NAMA_10R_3EMPERS(1.0),31/07/26 23:00:00,A,THS,EMP,C,FI1B1,2004,90.19,,
ESTAT:NAMA_10R_3EMPERS(1.0),31/07/26 23:00:00,A,THS,EMP,C,FI1B1,2005,89.04,,
ESTAT:NAMA_10R_3EMPERS(1.0),31/07/26 23:00:00,A,THS,EMP,C,FI1B1,2006,89.51,,
ESTAT:NAMA_10R_3EMPERS(1.0),31/07/26 23:00:00,A,THS,EMP,C,FI1B1,2007,90.94,,
ESTAT:NAMA_10R_3EMPERS(1.0),31/07/26 23:00:00,A,THS,EMP,C,FI1B1,2008,92.55,,
ESTAT:NAMA_10R_3EMPERS(1.0),31/07/26 23:00:00,A,THS,EMP,C,FI1B1,2009,85.62,,
ESTAT:NAMA_10R_3EMPERS(1.0),31/07/26 23:00:00,A,THS,EMP,C,FI1B1,2010,83.06,,
ESTAT:NAMA_10R_3EMPERS(1.0),31/07/26 23:00:00,A,THS,EMP,C,FI1B1,2011,81.77,,
ESTAT:NAMA_10R_3EMPERS(1.0),31/07/26 23:00:00,A,THS,EMP,C,FI1B1,2012,81.28,,
ESTAT:NAMA_10R_3EMPERS(1.0),31/07/26 23:00:00,A,THS,EMP,C,FI1B1,2013,79.25,,
ESTAT:NAMA_10R_3EMPERS(1.0),31/07/26 23:00:00,A,THS,EMP,C,FI1B1,2014,78.39,,
ESTAT:NAMA_10R_3EMPERS(1.0),31/07/26 23:00:00,A,THS,EMP,C,FI1B1,2015,77.5,,
ESTAT:NAMA_10R_3EMPERS(1.0),31/07/26 23:00:00,A,THS,EMP,C,FI1B1,2016,75.62,,
ESTAT:NAMA_10R_3EMPERS(1.0),31/07/26 23:00:00,A,THS,EMP,C,FI1B1,2017,74.85,,
ESTAT:NAMA_10R_3EMPERS(1.0),31/07/26 23:00:00,A,THS,EMP,C,FI1B1,2018,75.57,,
ESTAT:NAMA_10R_3EMPERS(1.0),31/07/26 23:00:00,A,THS,EMP,C,FI1B1,2019,76.35,,
ESTAT:NAMA_10R_3EMPERS(1.0),31/07/26 23:00:00,A,THS,EMP,C,FI1B1,2020,76.65,,
ESTAT:NAMA_10R_3EMPERS(1.0),31/07/26 23:00:00,A,THS,EMP,C,FI1B1,2021,77.17,,
ESTAT:NAMA_10R_3EMPERS(1.0),31/07/26 23:00:00,A,THS,EMP,C,FI1B1,2022,79.99,,
ESTAT:NAMA_10R_3EMPERS(1.0),31/07/26 23:00:00,A,THS,EMP,C,FI1B1,2023,81.35,,
ESTAT:NAMA_10R_3EMPERS(1.0),31/07/26 23:00:00,A,THS,EMP,C,FI1B1,2024,81.4,,
ESTAT:NAMA_10R_3EMPERS(1.0),31/07/26 23:00:00,A,THS,EMP,C,SE,2000,714.0,,
ESTAT:NAMA_10R_3EMPERS(1.0),31/07/26 23:00:00,A,THS,EMP,C,SE,2001,726.6,,
ESTAT:NAMA_10R_3EMPERS(1.0),31/07/26 23:00:00,A,THS,EMP,C,SE,2002,708.9,,
ESTAT:NAMA_10R_3EMPERS(1.0),31/07/26 23:00:00,A,THS,EMP,C,SE,2003,677.8,,
ESTAT:NAMA_10R_3EMPERS(1.0),31/07/26 23:00:00,A,THS,EMP,C,SE,2004,649.5,,
ESTAT:NAMA_10R_3EMPERS(1.0),31/07/26 23:00:00,A,THS,EMP,C,SE,2005,641.1,,
ESTAT:NAMA_10R_3EMPERS(1.0),31/07/26 23:00:00,A,THS,EMP,C,SE,2006,635.4,,
ESTAT:NAMA_10R_3EMPERS(1.0),31/07/26 23:00:00,A,THS,EMP,C,SE,2007,649.6,,
ESTAT:NAMA_10R_3EMPERS(1.0),31/07/26 23:00:00,A,THS,EMP,C,SE,2008,647.0,,
ESTAT:NAMA_10R_3EMPERS(1.0),31/07/26 23:00:00,A,THS,EMP,C,SE,2009,585.7,,
ESTAT:NAMA_10R_3EMPERS(1.0),31/07/26 23:00:00,A,THS,EMP,C,SE,2010,574.5,,
ESTAT:NAMA_10R_3EMPERS(1.0),31/07/26 23:00:00,A,THS,EMP,C,SE,2011,582.6,,
ESTAT:NAMA_10R_3EMPERS(1.0),31/07/26 23:00:00,A,THS,EMP,C,SE,2012,571.1,,
ESTAT:NAMA_10R_3EMPERS(1.0),31/07/26 23:00:00,A,THS,EMP,C,SE,2013,558.6,,
ESTAT:NAMA_10R_3EMPERS(1.0),31/07/26 23:00:00,A,THS,EMP,C,SE,2014,551.9,,
ESTAT:NAMA_10R_3EMPERS(1.0),31/07/26 23:00:00,A,THS,EMP,C,SE,2015,542.1,,
ESTAT:NAMA_10R_3EMPERS(1.0),31/07/26 23:00:00,A,THS,EMP,C,SE,2016,533.0,,
ESTAT:NAMA_10R_3EMPERS(1.0),31/07/26 23:00:00,A,THS,EMP,C,SE,2017,545.7,,
ESTAT:NAMA_10R_3EMPERS(1.0),31/07/26 23:00:00,A,THS,EMP,C,SE,2018,558.8,,
ESTAT:NAMA_10R_3EMPERS(1.0),31/07/26 23:00:00,A,THS,EMP,C,SE,2019,556.3,,
ESTAT:NAMA_10R_3EMPERS(1.0),31/07/26 23:00:00,A,THS,EMP,C,SE,2020,546.3,,
ESTAT:NAMA_10R_3EMPERS(1.0),31/07/26 23:00:00,A,THS,EMP,C,SE,2021,551.4,,
ESTAT:NAMA_10R_3EMPERS(1.0),31/07/26 23:00:00,A,THS,EMP,C,SE,2022,567.9,,
ESTAT:NAMA_10R_3EMPERS(1.0),31/07/26 23:00:00,A,THS,EMP,C,SE,2023,574.3,,
ESTAT:NAMA_10R_3EMPERS(1.0),31/07/26 23:00:00,A,THS,EMP,C,SE,2024,574.2,,
ESTAT:NAMA_10R_3EMPERS(1.0),31/07/26 23:00:00,A,THS,EMP,C,SE110,2000,97.9,,
ESTAT:NAMA_10R_3EMPERS(1.0),31/07/26 23:00:00,A,THS,EMP,C,SE110,2001,100.4,,
ESTAT:NAMA_10R_3EMPERS(1.0),31/07/26 23:00:00,A,THS,EMP,C,SE110,2002,94.1,,
ESTAT:NAMA_10R_3EMPERS(1.0),31/07/26 23:00:00,A,THS,EMP,C,SE110,2003,85.6,,
ESTAT:NAMA_10R_3EMPERS(1.0),31/07/26 23:00:00,A,THS,EMP,C,SE110,2004,77.1,,
ESTAT:NAMA_10R_3EMPERS(1.0),31/07/26 23:00:00,A,THS,EMP,C,SE110,2005,76.3,,
ESTAT:NAMA_10R_3EMPERS(1.0),31/07/26 23:00:00,A,THS,EMP,C,SE110,2006,76.2,,
ESTAT:NAMA_10R_3EMPERS(1.0),31/07/26 23:00:00,A,THS,EMP,C,SE110,2007,75.1,,
ESTAT:NAMA_10R_3EMPERS(1.0),31/07/26 23:00:00,A,THS,EMP,C,SE110,2008,76.1,,
ESTAT:NAMA_10R_3EMPERS(1.0),31/07/26 23:00:00,A,THS,EMP,C,SE110,2009,73.6,,
ESTAT:NAMA_10R_3EMPERS(1.0),31/07/26 23:00:00,A,THS,EMP,C,SE110,2010,71.0,,
ESTAT:NAMA_10R_3EMPERS(1.0),31/07/26 23:00:00,A,THS,EMP,C,SE110,2011,71.9,,
ESTAT:NAMA_10R_3EMPERS(1.0),31/07/26 23:00:00,A,THS,EMP,C,SE110,2012,71.0,,
ESTAT:NAMA_10R_3EMPERS(1.0),31/07/26 23:00:00,A,THS,EMP,C,SE110,2013,70.6,,
ESTAT:NAMA_10R_3EMPERS(1.0),31/07/26 23:00:00,A,THS,EMP,C,SE110,2014,69.6,,
ESTAT:NAMA_10R_3EMPERS(1.0),31/07/26 23:00:00,A,THS,EMP,C,SE110,2015,66.3,,
ESTAT:NAMA_10R_3EMPERS(1.0),31/07/26 23:00:00,A,THS,EMP,C,SE110,2016,64.1,,
ESTAT:NAMA_10R_3EMPERS(1.0),31/07/26 23:00:00,A,THS,EMP,C,SE110,2017,66.6,,
ESTAT:NAMA_10R_3EMPERS(1.0),31/07/26 23:00:00,A,THS,EMP,C,SE110,2018,68.9,,
ESTAT:NAMA_10R_3EMPERS(1.0),31/07/26 23:00:00,A,THS,EMP,C,SE110,2019,70.4,,
ESTAT:NAMA_10R_3EMPERS(1.0),31/07/26 23:00:00,A,THS,EMP,C,SE110,2020,70.3,,
ESTAT:NAMA_10R_3EMPERS(1.0),31/07/26 23:00:00,A,THS,EMP,C,SE110,2021,71.6,,
ESTAT:NAMA_10R_3EMPERS(1.0),31/07/26 23:00:00,A,THS,EMP,C,SE110,2022,73.6,,
ESTAT:NAMA_10R_3EMPERS(1.0),31/07/26 23:00:00,A,THS,EMP,C,SE110,2023,76.1,,
ESTAT:NAMA_10R_3EMPERS(1.0),31/07/26 23:00:00,A,THS,EMP,C,SE110,2024,76.1,,
ESTAT:NAMA_10R_3EMPERS(1.0),31/07/26 23:00:00,A,THS,EMP,TOTAL,DK,2000,2755.15,,
ESTAT:NAMA_10R_3EMPERS(1.0),31/07/26 23:00:00,A,THS,EMP,TOTAL,DK,2001,2782.47,,
ESTAT:NAMA_10R_3EMPERS(1.0),31/07/26 23:00:00,A,THS,EMP,TOTAL,DK,2002,2784.2,,
ESTAT:NAMA_10R_3EMPERS(1.0),31/07/26 23:00:00,A,THS,EMP,TOTAL,DK,2003,2758.65,,
ESTAT:NAMA_10R_3EMPERS(1.0),31/07/26 23:00:00,A,THS,EMP,TOTAL,DK,2004,2744.15,,
ESTAT:NAMA_10R_3EMPERS(1.0),31/07/26 23:00:00,A,THS,EMP,TOTAL,DK,2005,2783.16,,
ESTAT:NAMA_10R_3EMPERS(1.0),31/07/26 23:00:00,A,THS,EMP,TOTAL,DK,2006,2845.94,,
ESTAT:NAMA_10R_3EMPERS(1.0),31/07/26 23:00:00,A,THS,EMP,TOTAL,DK,2007,2912.41,,
ESTAT:NAMA_10R_3EMPERS(1.0),31/07/26 23:00:00,A,THS,EMP,TOTAL,DK,2008,2948.87,,
ESTAT:NAMA_10R_3EMPERS(1.0),31/07/26 23:00:00,A,THS,EMP,TOTAL,DK,2009,2856.33,,
ESTAT:NAMA_10R_3EMPERS(1.0),31/07/26 23:00:00,A,THS,EMP,TOTAL,DK,2010,2789.86,,
ESTAT:NAMA_10R_3EMPERS(1.0),31/07/26 23:00:00,A,THS,EMP,TOTAL,DK,2011,2786.63,,
ESTAT:NAMA_10R_3EMPERS(1.0),31/07/26 23:00:00,A,THS,EMP,TOTAL,DK,2012,2767.15,,
ESTAT:NAMA_10R_3EMPERS(1.0),31/07/26 23:00:00,A,THS,EMP,TOTAL,DK,2013,2768.25,,
ESTAT:NAMA_10R_3EMPERS(1.0),31/07/26 23:00:00,A,THS,EMP,TOTAL,DK,2014,2786.2,,
ESTAT:NAMA_10R_3EMPERS(1.0),31/07/26 23:00:00,A,THS,EMP,TOTAL,DK,2015,2827.15,,
ESTAT:NAMA_10R_3EMPERS(1.0),31/07/26 23:00:00,A,THS,EMP,TOTAL,DK,2016,2873.41,,
ESTAT:NAMA_10R_3EMPERS(1.0),31/07/26 23:00:00,A,THS,EMP,TOTAL,DK,2017,2916.64,,
ESTAT:NAMA_10R_3EMPERS(1.0),31/07/26 23:00:00,A,THS,EMP,TOTAL,DK,2018,2961.81,,
ESTAT:NAMA_10R_3EMPERS(1.0),31/07/26 23:00:00,A,THS,EMP,TOTAL,DK,2019,3004.19,,
ESTAT:NAMA_10R_3EMPERS(1.0),31/07/26 23:00:00,A,THS,EMP,TOTAL,DK,2020,2970.85,,
ESTAT:NAMA_10R_3EMPERS(1.0),31/07/26 23:00:00,A,THS,EMP,TOTAL,DK,2021,3038.18,,
ESTAT:NAMA_10R_3EMPERS(1.0),31/07/26 23:00:00,A,THS,EMP,TOTAL,DK,2022,3161.16,,
ESTAT:NAMA_10R_3EMPERS(1.0),31/07/26 23:00:00,A,THS,EMP,TOTAL,DK,2023,3195.97,,
ESTAT:NAMA_10R_3EMPERS(1.0),31/07/26 23:00:00,A,THS,EMP,TOTAL,DK,2024,3217.36,,
ESTAT:NAMA_10R_3EMPERS(1.0),31/07/26 23:00:00,A,THS,EMP,TOTAL,DK011,2000,426.05,,
ESTAT:NAMA_10R_3EMPERS(1.0),31/07/26 23:00:00,A,THS,EMP,TOTAL,DK011,2001,436.26,,
ESTAT:NAMA_10R_3EMPERS(1.0),31/07/26 23:00:00,A,THS,EMP,TOTAL,DK011,2002,436.94,,
ESTAT:NAMA_10R_3EMPERS(1.0),31/07/26 23:00:00,A,THS,EMP,TOTAL,DK011,2003,430.73,,
ESTAT:NAMA_10R_3EMPERS(1.0),31/07/26 23:00:00,A,THS,EMP,TOTAL,DK011,2004,433.76,,
ESTAT:NAMA_10R_3EMPERS(1.0),31/07/26 23:00:00,A,THS,EMP,TOTAL,DK011,2005,450.18,,
ESTAT:NAMA_10R_3EMPERS(1.0),31/07/26 23:00:00,A,THS,EMP,TOTAL,DK011,2006,459.19,,
ESTAT:NAMA_10R_3EMPERS(1.0),31/07/26 23:00:00,A,THS,EMP,TOTAL,DK011,2007,467.04,,
ESTAT:NAMA_10R_3EMPERS(1.0),31/07/26 23:00:00,A,THS,EMP,TOTAL,DK011,2008,459.0,,
ESTAT:NAMA_10R_3EMPERS(1.0),31/07/26 23:00:00,A,THS,EMP,TOTAL,DK011,2009,455.91,,
ESTAT:NAMA_10R_3EMPERS(1.0),31/07/26 23:00:00,A,THS,EMP,TOTAL,DK011,2010,449.9,,
ESTAT:NAMA_10R_3EMPERS(1.0),31/07/26 23:00:00,A,THS,EMP,TOTAL,DK011,2011,458.79,,
ESTAT:NAMA_10R_3EMPERS(1.0),31/07/26 23:00:00,A,THS,EMP,TOTAL,DK011,2012,459.5,,
ESTAT:NAMA_10R_3EMPERS(1.0),31/07/26 23:00:00,A,THS,EMP,TOTAL,DK011,2013,467.22,,
ESTAT:NAMA_10R_3EMPERS(1.0),31/07/26 23:00:00,A,THS,EMP,TOTAL,DK011,2014,470.06,,
ESTAT:NAMA_10R_3EMPERS(1.0),31/07/26 23:00:00,A,THS,EMP,TOTAL,DK011,2015,481.71,,
ESTAT:NAMA_10R_3EMPERS(1.0),31/07/26 23:00:00,A,THS,EMP,TOTAL,DK011,2016,496.24,,
ESTAT:NAMA_10R_3EMPERS(1.0),31/07/26 23:00:00,A,THS,EMP,TOTAL,DK011,2017,505.13,,
ESTAT:NAMA_10R_3EMPERS(1.0),31/07/26 23:00:00,A,THS,EMP,TOTAL,DK011,2018,516.04,,
ESTAT:NAMA_10R_3EMPERS(1.0),31/07/26 23:00:00,A,THS,EMP,TOTAL,DK011,2019,527.72,,
ESTAT:NAMA_10R_3EMPERS(1.0),31/07/26 23:00:00,A,THS,EMP,TOTAL,DK011,2020,509.19,,
ESTAT:NAMA_10R_3EMPERS(1.0),31/07/26 23:00:00,A,THS,EMP,TOTAL,DK011,2021,525.81,,
ESTAT:NAMA_10R_3EMPERS(1.0),31/07/26 23:00:00,A,THS,EMP,TOTAL,DK011,2022,554.02,,
ESTAT:NAMA_10R_3EMPERS(1.0),31/07/26 23:00:00,A,THS,EMP,TOTAL,DK011,2023,570.08,,
ESTAT:NAMA_10R_3EMPERS(1.0),31/07/26 23:00:00,A,THS,EMP,TOTAL,DK011,2024,571.44,,
ESTAT:NAMA_10R_3EMPERS(1.0),31/07/26 23:00:00,A,THS,EMP,TOTAL,DK012,2000,305.35,,
ESTAT:NAMA_10R_3EMPERS(1.0),31/07/26 23:00:00,A,THS,EMP,TOTAL,DK012,2001,310.61,,
ESTAT:NAMA_10R_3EMPERS(1.0),31/07/26 23:00:00,A,THS,EMP,TOTAL,DK012,2002,309.43,,
ESTAT:NAMA_10R_3EMPERS(1.0),31/07/26 23:00:00,A,THS,EMP,TOTAL,DK012,2003,310.11,,
ESTAT:NAMA_10R_3EMPERS(1.0),31/07/26 23:00:00,A,THS,EMP,TOTAL,DK012,2004,307.84,,
ESTAT:NAMA_10R_3EMPERS(1.0),31/07/26 23:00:00,A,THS,EMP,TOTAL,DK012,2005,313.58,,
ESTAT:NAMA_10R_3EMPERS(1.0),31/07/26 23:00:00,A,THS,EMP,TOTAL,DK012,2006,318.85,,
ESTAT:NAMA_10R_3EMPERS(1.0),31/07/26 23:00:00,A,THS,EMP,TOTAL,DK012,2007,325.86,,
ESTAT:NAMA_10R_3EMPERS(1.0),31/07/26 23:00:00,A,THS,EMP,TOTAL,DK012,2008,327.16,,
ESTAT:NAMA_10R_3EMPERS(1.0),31/07/26 23:00:00,A,THS,EMP,TOTAL,DK012,2009,322.77,,
ESTAT:NAMA_10R_3EMPERS(1.0),31/07/26 23:00:00,A,THS,EMP,TOTAL,DK012,2010,315.48,,
ESTAT:NAMA_10R_3EMPERS(1.0),31/07/26 23:00:00,A,THS,EMP,TOTAL,DK012,2011,317.71,,
ESTAT:NAMA_10R_3EMPERS(1.0),31/07/26 23:00:00,A,THS,EMP,TOTAL,DK012,2012,314.72,,
ESTAT:NAMA_10R_3EMPERS(1.0),31/07/26 23:00:00,A,THS,EMP,TOTAL,DK012,2013,319.82,,
ESTAT:NAMA_10R_3EMPERS(1.0),31/07/26 23:00:00,A,THS,EMP,TOTAL,DK012,2014,323.1,,
ESTAT:NAMA_10R_3EMPERS(1.0),31/07/26 23:00:00,A,THS,EMP,TOTAL,DK012,2015,333.17,,
ESTAT:NAMA_10R_3EMPERS(1.0),31/07/26 23:00:00,A,THS,EMP,TOTAL,DK012,2016,338.65,,
ESTAT:NAMA_10R_3EMPERS(1.0),31/07/26 23:00:00,A,THS,EMP,TOTAL,DK012,2017,345.08,,
ESTAT:NAMA_10R_3EMPERS(1.0),31/07/26 23:00:00,A,THS,EMP,TOTAL,DK012,2018,350.79,,
ESTAT:NAMA_10R_3EMPERS(1.0),31/07/26 23:00:00,A,THS,EMP,TOTAL,DK012,2019,354.97,,
ESTAT:NAMA_10R_3EMPERS(1.0),31/07/26 23:00:00,A,THS,EMP,TOTAL,DK012,2020,354.89,,
ESTAT:NAMA_10R_3EMPERS(1.0),31/07/26 23:00:00,A,THS,EMP,TOTAL,DK012,2021,360.24,,
ESTAT:NAMA_10R_3EMPERS(1.0),31/07/26 23:00:00,A,THS,EMP,TOTAL,DK012,2022,372.86,,
ESTAT:NAMA_10R_3EMPERS(1.0),31/07/26 23:00:00,A,THS,EMP,TOTAL,DK012,2023,379.84,,
ESTAT:NAMA_10R_3EMPERS(1.0),31/07/26 23:00:00,A,THS,EMP,TOTAL,DK012,2024,386.45,,
ESTAT:NAMA_10R_3EMPERS(1.0),31/07/26 23:00:00,A,THS,EMP,TOTAL,DK013,2000,179.42,,
ESTAT:NAMA_10R_3EMPERS(1.0),31/07/26 23:00:00,A,THS,EMP,TOTAL,DK013,2001,182.05,,
ESTAT:NAMA_10R_3EMPERS(1.0),31/07/26 23:00:00,A,THS,EMP,TOTAL,DK013,2002,178.62,,
ESTAT:NAMA_10R_3EMPERS(1.0),31/07/26 23:00:00,A,THS,EMP,TOTAL,DK013,2003,177.79,,
ESTAT:NAMA_10R_3EMPERS(1.0),31/07/26 23:00:00,A,THS,EMP,TOTAL,DK013,2004,176.22,,
ESTAT:NAMA_10R_3EMPERS(1.0),31/07/26 23:00:00,A,THS,EMP,TOTAL,DK013,2005,177.55,,
ESTAT:NAMA_10R_3EMPERS(1.0),31/07/26 23:00:00,A,THS,EMP,TOTAL,DK013,2006,180.74,,
ESTAT:NAMA_10R_3EMPERS(1.0),31/07/26 23:00:00,A,THS,EMP,TOTAL,DK013,2007,187.24,,
ESTAT:NAMA_10R_3EMPERS(1.0),31/07/26 23:00:00,A,THS,EMP,TOTAL,DK013,2008,195.82,,
ESTAT:NAMA_10R_3EMPERS(1.0),31/07/26 23:00:00,A,THS,EMP,TOTAL,DK013,2009,188.56,,
ESTAT:NAMA_10R_3EMPERS(1.0),31/07/26 23:00:00,A,THS,EMP,TOTAL,DK013,2010,183.13,,
ESTAT:NAMA_10R_3EMPERS(1.0),31/07/26 23:00:00,A,THS,EMP,TOTAL,DK013,2011,181.33,,
ESTAT:NAMA_10R_3EMPERS(1.0),31/07/26 23:00:00,A,THS,EMP,TOTAL,DK013,2012,181.31,,
ESTAT:NAMA_10R_3EMPERS(1.0),31/07/26 23:00:00,A,THS,EMP,TOTAL,DK013,2013,180.39,,
ESTAT:NAMA_10R_3EMPERS(1.0),31/07/26 23:00:00,A,THS,EMP,TOTAL,DK013,2014,180.02,,
ESTAT:NAMA_10R_3EMPERS(1.0),31/07/26 23:00:00,A,THS,EMP,TOTAL,DK013,2015,183.19,,
ESTAT:NAMA_10R_3EMPERS(1.0),31/07/26 23:00:00,A,THS,EMP,TOTAL,DK013,2016,184.65,,
ESTAT:NAMA_10R_3EMPERS(1.0),31/07/26 23:00:00,A,THS,EMP,TOTAL,DK013,2017,184.6,,
ESTAT:NAMA_10R_3EMPERS(1.0),31/07/26 23:00:00,A,THS,EMP,TOTAL,DK013,2018,188.57,,
ESTAT:NAMA_10R_3EMPERS(1.0),31/07/26 23:00:00,A,THS,EMP,TOTAL,DK013,2019,190.57,,
ESTAT:NAMA_10R_3EMPERS(1.0),31/07/26 23:00:00,A,THS,EMP,TOTAL,DK013,2020,188.96,,
ESTAT:NAMA_10R_3EMPERS(1.0),31/07/26 23:00:00,A,THS,EMP,TOTAL,DK013,2021,192.28,,
ESTAT:NAMA_10R_3EMPERS(1.0),31/07/26 23:00:00,A,THS,EMP,TOTAL,DK013,2022,198.13,,
ESTAT:NAMA_10R_3EMPERS(1.0),31/07/26 23:00:00,A,THS,EMP,TOTAL,DK013,2023,200.46,,
ESTAT:NAMA_10R_3EMPERS(1.0),31/07/26 23:00:00,A,THS,EMP,TOTAL,DK013,2024,201.71,,
ESTAT:NAMA_10R_3EMPERS(1.0),31/07/26 23:00:00,A,THS,EMP,TOTAL,DK014,2000,19.46,,
ESTAT:NAMA_10R_3EMPERS(1.0),31/07/26 23:00:00,A,THS,EMP,TOTAL,DK014,2001,19.62,,
ESTAT:NAMA_10R_3EMPERS(1.0),31/07/26 23:00:00,A,THS,EMP,TOTAL,DK014,2002,19.29,,
ESTAT:NAMA_10R_3EMPERS(1.0),31/07/26 23:00:00,A,THS,EMP,TOTAL,DK014,2003,19.46,,
ESTAT:NAMA_10R_3EMPERS(1.0),31/07/26 23:00:00,A,THS,EMP,TOTAL,DK014,2004,19.0,,
ESTAT:NAMA_10R_3EMPERS(1.0),31/07/26 23:00:00,A,THS,EMP,TOTAL,DK014,2005,18.84,,
ESTAT:NAMA_10R_3EMPERS(1.0),31/07/26 23:00:00,A,THS,EMP,TOTAL,DK014,2006,19.14,,
ESTAT:NAMA_10R_3EMPERS(1.0),31/07/26 23:00:00,A,THS,EMP,TOTAL,DK014,2007,19.28,,
ESTAT:NAMA_10R_3EMPERS(1.0),31/07/26 23:00:00,A,THS,EMP,TOTAL,DK014,2008,19.12,,
ESTAT:NAMA_10R_3EMPERS(1.0),31/07/26 23:00:00,A,THS,EMP,TOTAL,DK014,2009,18.29,,
ESTAT:NAMA_10R_3EMPERS(1.0),31/07/26 23:00:00,A,THS,EMP,TOTAL,DK014,2010,17.97,,
ESTAT:NAMA_10R_3EMPERS(1.0),31/07/26 23:00:00,A,THS,EMP,TOTAL,DK014,2011,18.01,,
ESTAT:NAMA_10R_3EMPERS(1.0),31/07/26 23:00:00,A,THS,EMP,TOTAL,DK014,2012,17.57,,
ESTAT:NAMA_10R_3EMPERS(1.0),31/07/26 23:00:00,A,THS,EMP,TOTAL,DK014,2013,17.15,,
ESTAT:NAMA_10R_3EMPERS(1.0),31/07/26 23:00:00,A,THS,EMP,TOTAL,DK014,2014,17.29,,
ESTAT:NAMA_10R_3EMPERS(1.0),31/07/26 23:00:00,A,THS,EMP,TOTAL,DK014,2015,17.52,,
ESTAT:NAMA_10R_3EMPERS(1.0),31/07/26 23:00:00,A,THS,EMP,TOTAL,DK014,2016,17.84,,
ESTAT:NAMA_10R_3EMPERS(1.0),31/07/26 23:00:00,A,THS,EMP,TOTAL,DK014,2017,17.77,,
ESTAT:NAMA_10R_3EMPERS(1.0),31/07/26 23:00:00,A,THS,EMP,TOTAL,DK014,2018,17.14,,
ESTAT:NAMA_10R_3EMPERS(1.0),31/07/26 23:00:00,A,THS,EMP,TOTAL,DK014,2019,17.47,,
ESTAT:NAMA_10R_3EMPERS(1.0),31/07/26 23:00:00,A,THS,EMP,TOTAL,DK014,2020,17.22,,
ESTAT:NAMA_10R_3EMPERS(1.0),31/07/26 23:00:00,A,THS,EMP,TOTAL,DK014,2021,17.86,,
ESTAT:NAMA_10R_3EMPERS(1.0),31/07/26 23:00:00,A,THS,EMP,TOTAL,DK014,2022,17.97,,
ESTAT:NAMA_10R_3EMPERS(1.0),31/07/26 23:00:00,A,THS,EMP,TOTAL,DK014,2023,18.42,,
ESTAT:NAMA_10R_3EMPERS(1.0),31/07/26 23:00:00,A,THS,EMP,TOTAL,DK014,2024,18.49,,
ESTAT:NAMA_10R_3EMPERS(1.0),31/07/26 23:00:00,A,THS,EMP,TOTAL,FI,2000,2299.8,,
ESTAT:NAMA_10R_3EMPERS(1.0),31/07/26 23:00:00,A,THS,EMP,TOTAL,FI,2001,2335.5,,
ESTAT:NAMA_10R_3EMPERS(1.0),31/07/26 23:00:00,A,THS,EMP,TOTAL,FI,2002,2364.4,,
ESTAT:NAMA_10R_3EMPERS(1.0),31/07/26 23:00:00,A,THS,EMP,TOTAL,FI,2003,2370.0,,
ESTAT:NAMA_10R_3EMPERS(1.0),31/07/26 23:00:00,A,THS,EMP,TOTAL,FI,2004,2382.5,,
ESTAT:NAMA_10R_3EMPERS(1.0),31/07/26 23:00:00,A,THS,EMP,TOTAL,FI,2005,2418.9,,
ESTAT:NAMA_10R_3EMPERS(1.0),31/07/26 23:00:00,A,THS,EMP,TOTAL,FI,2006,2464.4,,
ESTAT:NAMA_10R_3EMPERS(1.0),31/07/26 23:00:00,A,THS,EMP,TOTAL,FI,2007,2518.9,,
ESTAT:NAMA_10R_3EMPERS(1.0),31/07/26 23:00:00,A,THS,EMP,TOTAL,FI,2008,2575.1,,
ESTAT:NAMA_10R_3EMPERS(1.0),31/07/26 23:00:00,A,THS,EMP,TOTAL,FI,2009,2509.8,,
ESTAT:NAMA_10R_3EMPERS(1.0),31/07/26 23:00:00,A,THS,EMP,TOTAL,FI,2010,2491.0,,
ESTAT:NAMA_10R_3EMPERS(1.0),31/07/26 23:00:00,A,THS,EMP,TOTAL,FI,2011,2528.7,,
ESTAT:NAMA_10R_3EMPERS(1.0),31/07/26 23:00:00,A,THS,EMP,TOTAL,FI,2012,2544.2,,
ESTAT:NAMA_10R_3EMPERS(1.0),31/07/26 23:00:00,A,THS,EMP,TOTAL,FI,2013,2523.8,,
ESTAT:NAMA_10R_3EMPERS(1.0),31/07/26 23:00:00,A,THS,EMP,TOTAL,FI,2014,2510.0,,
ESTAT:NAMA_10R_3EMPERS(1.0),31/07/26 23:00:00,A,THS,EMP,TOTAL,FI,2015,2518.0,,
ESTAT:NAMA_10R_3EMPERS(1.0),31/07/26 23:00:00,A,THS,EMP,TOTAL,FI,2016,2532.0,,
ESTAT:NAMA_10R_3EMPERS(1.0),31/07/26 23:00:00,A,THS,EMP,TOTAL,FI,2017,2547.3,,
ESTAT:NAMA_10R_3EMPERS(1.0),31/07/26 23:00:00,A,THS,EMP,TOTAL,FI,2018,2613.6,,
ESTAT:NAMA_10R_3EMPERS(1.0),31/07/26 23:00:00,A,THS,EMP,TOTAL,FI,2019,2652.1,,
ESTAT:NAMA_10R_3EMPERS(1.0),31/07/26 23:00:00,A,THS,EMP,TOTAL,FI,2020,2590.0,,
ESTAT:NAMA_10R_3EMPERS(1.0),31/07/26 23:00:00,A,THS,EMP,TOTAL,FI,2021,2649.7,,
ESTAT:NAMA_10R_3EMPERS(1.0),31/07/26 23:00:00,A,THS,EMP,TOTAL,FI,2022,2742.8,,
ESTAT:NAMA_10R_3EMPERS(1.0),31/07/26 23:00:00,A,THS,EMP,TOTAL,FI,2023,2768.6,,
ESTAT:NAMA_10R_3EMPERS(1.0),31/07/26 23:00:00,A,THS,EMP,TOTAL,FI,2024,2739.0,,
ESTAT:NAMA_10R_3EMPERS(1.0),31/07/26 23:00:00,A,THS,EMP,TOTAL,FI1B1,2000,750.2,,
ESTAT:NAMA_10R_3EMPERS(1.0),31/07/26 23:00:00,A,THS,EMP,TOTAL,FI1B1,2001,765.07,,
ESTAT:NAMA_10R_3EMPERS(1.0),31/07/26 23:00:00,A,THS,EMP,TOTAL,FI1B1,2002,777.49,,
ESTAT:NAMA_10R_3EMPERS(1.0),31/07/26 23:00:00,A,THS,EMP,TOTAL,FI1B1,2003,768.41,,
ESTAT:NAMA_10R_3EMPERS(1.0),31/07/26 23:00:00,A,THS,EMP,TOTAL,FI1B1,2004,769.2,,
ESTAT:NAMA_10R_3EMPERS(1.0),31/07/26 23:00:00,A,THS,EMP,TOTAL,FI1B1,2005,786.59,,
ESTAT:NAMA_10R_3EMPERS(1.0),31/07/26 23:00:00,A,THS,EMP,TOTAL,FI1B1,2006,806.28,,
ESTAT:NAMA_10R_3EMPERS(1.0),31/07/26 23:00:00,A,THS,EMP,TOTAL,FI1B1,2007,828.03,,
ESTAT:NAMA_10R_3EMPERS(1.0),31/07/26 23:00:00,A,THS,EMP,TOTAL,FI1B1,2008,852.3,,
ESTAT:NAMA_10R_3EMPERS(1.0),31/07/26 23:00:00,A,THS,EMP,TOTAL,FI1B1,2009,822.65,,
ESTAT:NAMA_10R_3EMPERS(1.0),31/07/26 23:00:00,A,THS,EMP,TOTAL,FI1B1,2010,819.67,,
ESTAT:NAMA_10R_3EMPERS(1.0),31/07/26 23:00:00,A,THS,EMP,TOTAL,FI1B1,2011,825.74,,
ESTAT:NAMA_10R_3EMPERS(1.0),31/07/26 23:00:00,A,THS,EMP,TOTAL,FI1B1,2012,844.42,,
ESTAT:NAMA_10R_3EMPERS(1.0),31/07/26 23:00:00,A,THS,EMP,TOTAL,FI1B1,2013,851.59,,
ESTAT:NAMA_10R_3EMPERS(1.0),31/07/26 23:00:00,A,THS,EMP,TOTAL,FI1B1,2014,850.63,,
ESTAT:NAMA_10R_3EMPERS(1.0),31/07/26 23:00:00,A,THS,EMP,TOTAL,FI1B1,2015,863.06,,
ESTAT:NAMA_10R_3EMPERS(1.0),31/07/26 23:00:00,A,THS,EMP,TOTAL,FI1B1,2016,875.87,,
ESTAT:NAMA_10R_3EMPERS(1.0),31/07/26 23:00:00,A,THS,EMP,TOTAL,FI1B1,2017,886.39,,
ESTAT:NAMA_10R_3EMPERS(1.0),31/07/26 23:00:00,A,THS,EMP,TOTAL,FI1B1,2018,915.38,,
ESTAT:NAMA_10R_3EMPERS(1.0),31/07/26 23:00:00,A,THS,EMP,TOTAL,FI1B1,2019,941.92,,
ESTAT:NAMA_10R_3EMPERS(1.0),31/07/26 23:00:00,A,THS,EMP,TOTAL,FI1B1,2020,919.12,,
ESTAT:NAMA_10R_3EMPERS(1.0),31/07/26 23:00:00,A,THS,EMP,TOTAL,FI1B1,2021,941.97,,
ESTAT:NAMA_10R_3EMPERS(1.0),31/07/26 23:00:00,A,THS,EMP,TOTAL,FI1B1,2022,991.42,,
ESTAT:NAMA_10R_3EMPERS(1.0),31/07/26 23:00:00,A,THS,EMP,TOTAL,FI1B1,2023,1006.51,,
ESTAT:NAMA_10R_3EMPERS(1.0),31/07/26 23:00:00,A,THS,EMP,TOTAL,FI1B1,2024,997.84,,
ESTAT:NAMA_10R_3EMPERS(1.0),31/07/26 23:00:00,A,THS,EMP,TOTAL,SE,2000,4347.5,,
ESTAT:NAMA_10R_3EMPERS(1.0),31/07/26 23:00:00,A,THS,EMP,TOTAL,SE,2001,4437.5,,
ESTAT:NAMA_10R_3EMPERS(1.0),31/07/26 23:00:00,A,THS,EMP,TOTAL,SE,2002,4442.6,,
ESTAT:NAMA_10R_3EMPERS(1.0),31/07/26 23:00:00,A,THS,EMP,TOTAL,SE,2003,4421.6,,
ESTAT:NAMA_10R_3EMPERS(1.0),31/07/26 23:00:00,A,THS,EMP,TOTAL,SE,2004,4402.6,,
ESTAT:NAMA_10R_3EMPERS(1.0),31/07/26 23:00:00,A,THS,EMP,TOTAL,SE,2005,4400.8,,
ESTAT:NAMA_10R_3EMPERS(1.0),31/07/26 23:00:00,A,THS,EMP,TOTAL,SE,2006,4484.7,,
ESTAT:NAMA_10R_3EMPERS(1.0),31/07/26 23:00:00,A,THS,EMP,TOTAL,SE,2007,4588.0,,
ESTAT:NAMA_10R_3EMPERS(1.0),31/07/26 23:00:00,A,THS,EMP,TOTAL,SE,2008,4611.1,,
ESTAT:NAMA_10R_3EMPERS(1.0),31/07/26 23:00:00,A,THS,EMP,TOTAL,SE,2009,4517.4,,
ESTAT:NAMA_10R_3EMPERS(1.0),31/07/26 23:00:00,A,THS,EMP,TOTAL,SE,2010,4547.6,,
ESTAT:NAMA_10R_3EMPERS(1.0),31/07/26 23:00:00,A,THS,EMP,TOTAL,SE,2011,4652.2,,
ESTAT:NAMA_10R_3EMPERS(1.0),31/07/26 23:00:00,A,THS,EMP,TOTAL,SE,2012,4688.2,,
ESTAT:NAMA_10R_3EMPERS(1.0),31/07/26 23:00:00,A,THS,EMP,TOTAL,SE,2013,4736.0,,
ESTAT:NAMA_10R_3EMPERS(1.0),31/07/26 23:00:00,A,THS,EMP,TOTAL,SE,2014,4805.3,,
ESTAT:NAMA_10R_3EMPERS(1.0),31/07/26 23:00:00,A,THS,EMP,TOTAL,SE,2015,4877.7,,
ESTAT:NAMA_10R_3EMPERS(1.0),31/07/26 23:00:00,A,THS,EMP,TOTAL,SE,2016,4975.1,,
ESTAT:NAMA_10R_3EMPERS(1.0),31/07/26 23:00:00,A,THS,EMP,TOTAL,SE,2017,5099.9,,
ESTAT:NAMA_10R_3EMPERS(1.0),31/07/26 23:00:00,A,THS,EMP,TOTAL,SE,2018,5186.1,,
ESTAT:NAMA_10R_3EMPERS(1.0),31/07/26 23:00:00,A,THS,EMP,TOTAL,SE,2019,5219.4,,
ESTAT:NAMA_10R_3EMPERS(1.0),31/07/26 23:00:00,A,THS,EMP,TOTAL,SE,2020,5152.7,,
ESTAT:NAMA_10R_3EMPERS(1.0),31/07/26 23:00:00,A,THS,EMP,TOTAL,SE,2021,5217.9,,
ESTAT:NAMA_10R_3EMPERS(1.0),31/07/26 23:00:00,A,THS,EMP,TOTAL,SE,2022,5400.1,,
ESTAT:NAMA_10R_3EMPERS(1.0),31/07/26 23:00:00,A,THS,EMP,TOTAL,SE,2023,5466.0,,
ESTAT:NAMA_10R_3EMPERS(1.0),31/07/26 23:00:00,A,THS,EMP,TOTAL,SE,2024,5449.3,,
ESTAT:NAMA_10R_3EMPERS(1.0),31/07/26 23:00:00,A,THS,EMP,TOTAL,SE110,2000,1068.3,,
ESTAT:NAMA_10R_3EMPERS(1.0),31/07/26 23:00:00,A,THS,EMP,TOTAL,SE110,2001,1093.6,,
ESTAT:NAMA_10R_3EMPERS(1.0),31/07/26 23:00:00,A,THS,EMP,TOTAL,SE110,2002,1078.2,,
ESTAT:NAMA_10R_3EMPERS(1.0),31/07/26 23:00:00,A,THS,EMP,TOTAL,SE110,2003,1079.8,,
ESTAT:NAMA_10R_3EMPERS(1.0),31/07/26 23:00:00,A,THS,EMP,TOTAL,SE110,2004,1057.2,,
ESTAT:NAMA_10R_3EMPERS(1.0),31/07/26 23:00:00,A,THS,EMP,TOTAL,SE110,2005,1071.2,,
ESTAT:NAMA_10R_3EMPERS(1.0),31/07/26 23:00:00,A,THS,EMP,TOTAL,SE110,2006,1088.9,,
ESTAT:NAMA_10R_3EMPERS(1.0),31/07/26 23:00:00,A,THS,EMP,TOTAL,SE110,2007,1120.6,,
ESTAT:NAMA_10R_3EMPERS(1.0),31/07/26 23:00:00,A,THS,EMP,TOTAL,SE110,2008,1141.7,,
ESTAT:NAMA_10R_3EMPERS(1.0),31/07/26 23:00:00,A,THS,EMP,TOTAL,SE110,2009,1140.6,,
ESTAT:NAMA_10R_3EMPERS(1.0),31/07/26 23:00:00,A,THS,EMP,TOTAL,SE110,2010,1151.0,,
ESTAT:NAMA_10R_3EMPERS(1.0),31/07/26 23:00:00,A,THS,EMP,TOTAL,SE110,2011,1177.2,,
ESTAT:NAMA_10R_3EMPERS(1.0),31/07/26 23:00:00,A,THS,EMP,TOTAL,SE110,2012,1198.6,,
ESTAT:NAMA_10R_3EMPERS(1.0),31/07/26 23:00:00,A,THS,EMP,TOTAL,SE110,2013,1219.0,,
ESTAT:NAMA_10R_3EMPERS(1.0),31/07/26 23:00:00,A,THS,EMP,TOTAL,SE110,2014,1243.8,,
ESTAT:NAMA_10R_3EMPERS(1.0),31/07/26 23:00:00,A,THS,EMP,TOTAL,SE110,2015,1266.1,,
ESTAT:NAMA_10R_3EMPERS(1.0),31/07/26 23:00:00,A,THS,EMP,TOTAL,SE110,2016,1301.6,,
ESTAT:NAMA_10R_3EMPERS(1.0),31/07/26 23:00:00,A,THS,EMP,TOTAL,SE110,2017,1332.8,,
ESTAT:NAMA_10R_3EMPERS(1.0),31/07/26 23:00:00,A,THS,EMP,TOTAL,SE110,2018,1351.7,,
ESTAT:NAMA_10R_3EMPERS(1.0),31/07/26 23:00:00,A,THS,EMP,TOTAL,SE110,2019,1362.7,,
ESTAT:NAMA_10R_3EMPERS(1.0),31/07/26 23:00:00,A,THS,EMP,TOTAL,SE110,2020,1331.2,,
ESTAT:NAMA_10R_3EMPERS(1.0),31/07/26 23:00:00,A,THS,EMP,TOTAL,SE110,2021,1350.5,,
ESTAT:NAMA_10R_3EMPERS(1.0),31/07/26 23:00:00,A,THS,EMP,TOTAL,SE110,2022,1425.1,,
ESTAT:NAMA_10R_3EMPERS(1.0),31/07/26 23:00:00,A,THS,EMP,TOTAL,SE110,2023,1424.9,,
ESTAT:NAMA_10R_3EMPERS(1.0),31/07/26 23:00:00,A,THS,EMP,TOTAL,SE110,2024,1404.71,,
