nuts2_code,lisa_i,p_sim,quadrant,type_id
CZ05,0.1374,0.292,ns,T1
CZ06,0.0677,0.18,ns,T1
CZ07,0.2687,0.105,ns,T1
CZ08,0.2548,0.138,ns,T1
DE11,2.5695,0.004,HH,T1
DE12,2.1181,0.002,HH,T1
DE13,1.0481,0.036,HH,T1
DE14,1.6953,0.004,HH,T1
DE21,1.3574,0.057,ns,T1
DE22,0.1267,0.054,ns,T1
DE23,0.4079,0.138,ns,T1
DE24,0.1397,0.189,ns,T1
DE25,1.7488,0.002,HH,T1
DE26,0.8386,0.002,HH,T1
DE27,0.9839,0.001,HH,T1
DE30,0.2305,0.417,ns,T1
DEC0,-0.0124,0.15,ns,T1
DED2,-0.1262,0.258,ns,T1
DED4,-0.0032,0.434,ns,T1
DED5,0.049,0.404,ns,T1
DEE0,-0.1243,0.177,ns,T1
DEF0,0.1545,0.135,ns,T1
DEG0,0.0682,0.183,ns,T1
DK01,1.8901,0.243,ns,T1
AT31,0.2963,0.106,ns,T1
AT32,0.0816,0.132,ns,T1
AT33,0.0294,0.19,ns,T1
CY00,0.0,0.001,HL,T1
CZ01,-0.2988,0.467,ns,T1
CZ02,0.0184,0.399,ns,T1
CZ03,-0.0242,0.44,ns,T1
CZ04,-0.0913,0.416,ns,T1
DK03,0.7961,0.109,ns,T1
DK04,1.1207,0.138,ns,T1
DK05,0.9028,0.09,ns,T1
EE00,0.0101,0.487,ns,T1
EL30,-0.0638,0.09,ns,T1
EL41,-0.0,0.001,LL,T1
DE40,0.0177,0.372,ns,T1
DE50,0.1083,0.266,ns,T1
DE60,0.3502,0.358,ns,T1
DE71,1.0124,0.024,HH,T1
DE72,0.2154,0.197,ns,T1
DE73,0.0375,0.039,HH,T1
DE80,-0.0201,0.433,ns,T1
DE91,0.2608,0.248,ns,T1
DE92,0.3449,0.158,ns,T1
AT11,0.0331,0.185,ns,T1
AT12,0.0975,0.144,ns,T1
AT13,0.284,0.355,ns,T1
AT21,-0.0044,0.473,ns,T1
AT22,0.1023,0.32,ns,T1
ES51,0.179,0.338,ns,T1
ES52,0.0156,0.391,ns,T1
AT34,0.5787,0.114,ns,T1
BE10,1.3999,0.09,ns,T1
BE21,0.7227,0.02,HH,T1
BE22,0.1865,0.01,HH,T1
BE23,0.3357,0.115,ns,T1
BE24,0.8175,0.069,ns,T1
BE25,0.0408,0.351,ns,T1
BE31,0.404,0.311,ns,T1
BE32,-0.1191,0.172,ns,T1
BE33,0.0934,0.018,HH,T1
BE34,-0.0,0.499,ns,T1
BE35,-0.0349,0.389,ns,T1
BG31,1.903,0.003,LL,T1
BG32,1.6504,0.001,LL,T1
BG33,0.7966,0.005,LL,T1
BG34,1.2711,0.01,LL,T1
BG41,-0.4141,0.015,HL,T1
BG42,0.9226,0.032,LL,T1
LT02,0.0044,0.494,ns,T1
LU00,-0.111,0.438,ns,T1
LV00,0.0039,0.317,ns,T1
MT00,0.0,0.001,HL,T1
NL11,0.4761,0.207,ns,T1
EL42,-0.0,0.001,LL,T1
EL43,-0.0,0.001,LL,T1
EL51,0.3576,0.265,ns,T1
EL52,0.2731,0.103,ns,T1
EL53,0.8196,0.08,ns,T1
EL54,0.9837,0.023,LL,T1
DK02,1.8901,0.009,HH,T1
ITG2,-0.0,0.001,LL,T1
ITH1,0.4064,0.189,ns,T1
ITH2,0.6198,0.054,ns,T1
ITH3,0.4154,0.102,ns,T1
ITH4,0.0332,0.453,ns,T1
ITH5,0.4036,0.004,LL,T1
ITI1,0.8107,0.018,LL,T1
ITI2,1.0718,0.054,ns,T1
ITI3,1.0391,0.018,LL,T1
ITI4,0.5638,0.001,LL,T1
LT01,-0.2911,0.461,ns,T1
DE93,0.0972,0.132,ns,T1
DE94,0.042,0.037,HH,T1
DEA1,0.46,0.046,HH,T1
DEA2,0.3616,0.215,ns,T1
DEA3,0.1304,0.059,ns,T1
DEA4,0.2469,0.172,ns,T1
DEA5,0.132,0.109,ns,T1
DEB1,0.0928,0.034,HH,T1
DEB2,-0.0847,0.148,ns,T1
DEB3,0.7108,0.124,ns,T1
FRB0,0.0033,0.334,ns,T1
FRC1,-0.1796,0.307,ns,T1
FRC2,0.0544,0.299,ns,T1
FRD1,0.0284,0.438,ns,T1
FRD2,-0.0711,0.33,ns,T1
FRE1,0.0089,0.376,ns,T1
FRE2,-0.0235,0.444,ns,T1
FRF1,-0.0245,0.045,LH,T1
FRF2,0.0553,0.399,ns,T1
FRF3,-0.1006,0.272,ns,T1
FRG0,-0.0088,0.353,ns,T1
FRH0,-0.0058,0.387,ns,T1
FRI1,0.0549,0.329,ns,T1
FRI2,-0.0988,0.423,ns,T1
FRI3,0.0521,0.367,ns,T1
FRJ1,-0.0896,0.169,ns,T1
FRJ2,-0.0025,0.499,ns,T1
FRK1,0.0156,0.424,ns,T1
FRK2,-0.346,0.083,ns,T1
FRL0,-0.0869,0.253,ns,T1
FRM0,-0.0,0.001,LL,T1
FRY1,-0.0,0.001,LL,T1
FRY2,-0.0,0.001,LL,T1
FRY3,-0.0,0.001,LL,T1
FRY4,-0.0,0.001,LL,T1
FRY5,-0.0,0.001,LL,T1
HR03,0.1383,0.374,ns,T1
HR02,0.6865,0.056,ns,T1
HU11,0.221,0.447,ns,T1
HU12,-0.0516,0.171,ns,T1
HU21,0.3481,0.092,ns,T1
HU22,0.0859,0.365,ns,T1
ITF6,3.626,0.029,LL,T1
ITG1,-0.0,0.001,LL,T1
EL61,0.8357,0.016,LL,T1
EL62,-0.0,0.001,LL,T1
EL63,1.1243,0.029,LL,T1
EL64,0.6231,0.109,ns,T1
EL65,0.5556,0.217,ns,T1
ES11,-0.0072,0.412,ns,T1
ES12,0.0327,0.408,ns,T1
ES13,0.1036,0.234,ns,T1
ES21,0.2158,0.317,ns,T1
ES22,0.1881,0.237,ns,T1
ES23,0.0027,0.198,ns,T1
ES24,0.0693,0.21,ns,T1
ES30,-0.0828,0.46,ns,T1
ES41,0.0025,0.462,ns,T1
ES42,-0.0317,0.392,ns,T1
ES43,0.2121,0.093,ns,T1
SE12,2.3725,0.001,HH,T1
SE21,1.4962,0.001,HH,T1
SE22,2.3849,0.043,HH,T1
SE23,2.0992,0.007,HH,T1
SE31,1.0421,0.017,HH,T1
HU23,0.7296,0.043,LL,T1
HU31,0.6732,0.096,ns,T1
HU32,0.7437,0.033,LL,T1
HU33,0.7336,0.007,LL,T1
IE04,0.9438,0.045,HH,T1
IE05,0.9337,0.045,HH,T1
IE06,1.3364,0.161,ns,T1
ITC1,0.3709,0.172,ns,T1
ITC2,0.1424,0.434,ns,T1
ITC3,0.5229,0.15,ns,T1
ITC4,0.4686,0.028,LL,T1
ITF1,1.4324,0.024,LL,T1
ITF2,2.1622,0.002,LL,T1
ITF3,2.352,0.001,LL,T1
ITF4,3.0864,0.002,LL,T1
ITF5,3.2475,0.001,LL,T1
ES53,0.0,0.001,HL,T1
ES61,0.124,0.083,ns,T1
ES62,0.0207,0.426,ns,T1
ES63,-0.0,0.001,LL,T1
ES64,-0.0,0.001,LL,T1
ES70,-0.0,0.001,LL,T1
FI19,1.3105,0.102,ns,T1
FI1B,2.5537,0.192,ns,T1
FI1C,1.607,0.004,HH,T1
FI1D,0.8763,0.039,HH,T1
FI20,0.0,0.001,HL,T1
FR10,-0.742,0.183,ns,T1
PL71,0.2471,0.068,ns,T1
PL72,0.3324,0.186,ns,T1
PL81,0.4326,0.07,ns,T1
PL82,0.3065,0.137,ns,T1
PL84,0.4415,0.093,ns,T1
PL91,-1.512,0.263,ns,T1
PL92,0.2658,0.195,ns,T1
PT11,0.268,0.265,ns,T1
PT15,0.7629,0.118,ns,T1
PT16,0.8042,0.08,ns,T1
PT17,0.9975,0.02,LL,T1
PT18,1.0016,0.048,LL,T1
PT20,-0.0,0.001,LL,T1
PT30,-0.0,0.001,LL,T1
RO11,1.4642,0.002,LL,T1
RO12,1.774,0.001,LL,T1
RO21,2.4793,0.003,LL,T1
RO22,2.5002,0.001,LL,T1
RO31,2.0692,0.001,LL,T1
RO32,-1.0119,0.034,HL,T1
RO41,2.3826,0.001,LL,T1
RO42,1.4318,0.006,LL,T1
SE11,4.3633,0.089,ns,T1
SE32,0.5785,0.167,ns,T1
SE33,0.5334,0.129,ns,T1
SI03,0.0279,0.306,ns,T1
SI04,-0.2024,0.263,ns,T1
SK01,-0.4306,0.35,ns,T1
SK02,0.1117,0.317,ns,T1
SK03,0.3491,0.082,ns,T1
SK04,0.5106,0.072,ns,T1
NL12,0.7395,0.007,HH,T1
NL13,0.5043,0.098,ns,T1
NL21,0.721,0.057,ns,T1
NL22,1.1452,0.004,HH,T1
NL23,1.3498,0.007,HH,T1
NL31,1.2836,0.005,HH,T1
NL32,1.5827,0.035,HH,T1
NL33,1.2758,0.005,HH,T1
NL34,0.5831,0.019,HH,T1
NL41,1.4926,0.028,HH,T1
NL42,0.8123,0.022,HH,T1
PL21,-0.0886,0.086,ns,T1
PL22,0.0172,0.104,ns,T1
PL41,0.1915,0.175,ns,T1
PL42,0.0963,0.308,ns,T1
PL43,-0.0248,0.46,ns,T1
PL51,-0.1805,0.124,ns,T1
PL52,0.224,0.256,ns,T1
PL61,0.3296,0.122,ns,T1
PL62,0.4436,0.176,ns,T1
PL63,-0.0942,0.107,ns,T1
HR05,-0.6305,0.3,ns,T1
HR06,0.2019,0.242,ns,T1
CZ05,0.1409,0.306,ns,T2
CZ06,0.0787,0.134,ns,T2
CZ07,0.3605,0.079,ns,T2
CZ08,0.3516,0.137,ns,T2
DE11,1.4265,0.008,HH,T2
DE12,1.5063,0.004,HH,T2
DE13,0.8887,0.05,ns,T2
DE14,1.2301,0.007,HH,T2
DE21,1.3071,0.035,HH,T2
DE22,0.1079,0.087,ns,T2
DE23,0.1788,0.249,ns,T2
DE24,0.0673,0.21,ns,T2
DE25,1.1818,0.012,HH,T2
DE26,0.5854,0.013,HH,T2
DE27,0.7787,0.004,HH,T2
DE30,0.5455,0.401,ns,T2
DEC0,0.0667,0.178,ns,T2
DED2,-0.1265,0.336,ns,T2
DED4,0.0167,0.366,ns,T2
DED5,0.2234,0.246,ns,T2
DEE0,-0.0491,0.11,ns,T2
DEF0,0.2794,0.081,ns,T2
DEG0,0.1296,0.16,ns,T2
DK01,2.6921,0.174,ns,T2
AT31,0.4671,0.083,ns,T2
AT32,0.3164,0.075,ns,T2
AT33,0.1815,0.155,ns,T2
CY00,0.0,0.001,HL,T2
CZ01,-0.4301,0.417,ns,T2
CZ02,0.0686,0.277,ns,T2
CZ03,-0.0661,0.399,ns,T2
CZ04,-0.0174,0.486,ns,T2
DK03,1.1479,0.071,ns,T2
DK04,1.6983,0.064,ns,T2
DK05,1.5471,0.048,HH,T2
EE00,0.0548,0.48,ns,T2
EL30,-0.2665,0.07,ns,T2
EL41,-0.0,0.001,LL,T2
DE40,0.1025,0.175,ns,T2
DE50,0.2338,0.229,ns,T2
DE60,0.5068,0.295,ns,T2
DE71,0.8435,0.034,HH,T2
DE72,0.2473,0.187,ns,T2
DE73,0.0094,0.04,HH,T2
DE80,-0.0033,0.334,ns,T2
DE91,0.2772,0.194,ns,T2
DE92,0.3781,0.126,ns,T2
AT11,0.1259,0.228,ns,T2
AT12,0.2672,0.114,ns,T2
AT13,0.9908,0.256,ns,T2
AT21,0.0326,0.433,ns,T2
AT22,0.3688,0.135,ns,T2
ES51,0.0833,0.344,ns,T2
ES52,0.1021,0.3,ns,T2
AT34,0.6802,0.092,ns,T2
BE10,1.739,0.07,ns,T2
BE21,0.6313,0.047,HH,T2
BE22,0.1913,0.03,HH,T2
BE23,0.3733,0.12,ns,T2
BE24,1.0207,0.032,HH,T2
BE25,0.0398,0.352,ns,T2
BE31,0.789,0.158,ns,T2
BE32,-0.0154,0.083,ns,T2
BE33,0.1705,0.017,HH,T2
BE34,0.018,0.399,ns,T2
BE35,0.0585,0.247,ns,T2
BG31,1.8675,0.001,LL,T2
BG32,1.8891,0.001,LL,T2
BG33,1.2329,0.002,LL,T2
BG34,1.3172,0.008,LL,T2
BG41,-0.3565,0.021,HL,T2
BG42,0.939,0.052,ns,T2
LT02,0.0078,0.369,ns,T2
LU00,0.0476,0.451,ns,T2
LV00,0.0286,0.231,ns,T2
MT00,-0.0,0.001,LL,T2
NL11,0.1635,0.318,ns,T2
EL42,-0.0,0.001,LL,T2
EL43,-0.0,0.001,LL,T2
EL51,0.356,0.252,ns,T2
EL52,0.2088,0.099,ns,T2
EL53,0.7995,0.113,ns,T2
EL54,0.8772,0.022,LL,T2
DK02,2.6921,0.006,HH,T2
ITG2,-0.0,0.001,LL,T2
ITH1,0.2966,0.264,ns,T2
ITH2,0.7633,0.056,ns,T2
ITH3,0.3692,0.15,ns,T2
ITH4,0.0105,0.491,ns,T2
ITH5,0.5452,0.009,LL,T2
ITI1,0.7764,0.03,LL,T2
ITI2,0.8941,0.074,ns,T2
ITI3,0.9078,0.028,LL,T2
ITI4,0.4644,0.001,LL,T2
LT01,0.0843,0.48,ns,T2
DE93,0.1614,0.072,ns,T2
DE94,0.085,0.062,ns,T2
DEA1,0.4089,0.084,ns,T2
DEA2,0.3766,0.215,ns,T2
DEA3,0.1518,0.094,ns,T2
DEA4,0.2382,0.154,ns,T2
DEA5,0.1796,0.092,ns,T2
DEB1,0.1188,0.029,HH,T2
DEB2,-0.0454,0.126,ns,T2
DEB3,0.6015,0.104,ns,T2
FRB0,0.0354,0.325,ns,T2
FRC1,-0.1015,0.162,ns,T2
FRC2,-0.0006,0.487,ns,T2
FRD1,-0.0185,0.37,ns,T2
FRD2,-0.0272,0.196,ns,T2
FRE1,0.0011,0.486,ns,T2
FRE2,-0.0186,0.315,ns,T2
FRF1,0.0653,0.059,ns,T2
FRF2,-0.1,0.298,ns,T2
FRF3,-0.0646,0.214,ns,T2
FRG0,0.014,0.462,ns,T2
FRH0,0.0175,0.469,ns,T2
FRI1,0.1037,0.274,ns,T2
FRI2,-0.0797,0.224,ns,T2
FRI3,-0.0337,0.384,ns,T2
FRJ1,0.1203,0.096,ns,T2
FRJ2,0.1602,0.376,ns,T2
FRK1,0.063,0.208,ns,T2
FRK2,-0.2183,0.261,ns,T2
FRL0,-0.0855,0.35,ns,T2
FRM0,-0.0,0.001,LL,T2
FRY1,-0.0,0.001,LL,T2
FRY2,-0.0,0.001,LL,T2
FRY3,-0.0,0.001,LL,T2
FRY4,-0.0,0.001,LL,T2
FRY5,-0.0,0.001,LL,T2
HR03,0.251,0.259,ns,T2
HR02,0.916,0.031,LL,T2
HU11,-0.4119,0.409,ns,T2
HU12,0.2037,0.036,LL,T2
HU21,1.0757,0.014,LL,T2
HU22,0.3851,0.177,ns,T2
ITF6,2.7017,0.06,ns,T2
ITG1,-0.0,0.001,LL,T2
EL61,0.826,0.019,LL,T2
EL62,-0.0,0.001,LL,T2
EL63,1.1737,0.028,LL,T2
EL64,0.639,0.14,ns,T2
EL65,0.5353,0.236,ns,T2
ES11,0.0249,0.401,ns,T2
ES12,0.0041,0.379,ns,T2
ES13,-0.0148,0.397,ns,T2
ES21,-0.0235,0.478,ns,T2
ES22,0.0248,0.383,ns,T2
ES23,-0.0461,0.406,ns,T2
ES24,-0.0106,0.426,ns,T2
ES30,-0.3614,0.254,ns,T2
ES41,0.0423,0.291,ns,T2
ES42,0.1886,0.227,ns,T2
ES43,0.4944,0.077,ns,T2
SE12,3.1987,0.001,HH,T2
SE21,2.1554,0.001,HH,T2
SE22,3.2818,0.018,HH,T2
SE23,2.9684,0.001,HH,T2
SE31,1.7537,0.003,HH,T2
HU23,1.3869,0.011,LL,T2
HU31,1.2023,0.024,LL,T2
HU32,1.3154,0.007,LL,T2
HU33,1.306,0.001,LL,T2
IE04,0.348,0.106,ns,T2
IE05,0.4302,0.126,ns,T2
IE06,0.5852,0.268,ns,T2
ITC1,0.3524,0.16,ns,T2
ITC2,0.0012,0.493,ns,T2
ITC3,0.483,0.166,ns,T2
ITC4,0.5505,0.024,LL,T2
ITF1,1.1228,0.041,LL,T2
ITF2,1.5876,0.012,LL,T2
ITF3,1.7609,0.008,LL,T2
ITF4,2.2251,0.005,LL,T2
ITF5,2.414,0.002,LL,T2
ES53,-0.0,0.001,LL,T2
ES61,0.3989,0.04,LL,T2
ES62,0.3509,0.183,ns,T2
ES63,-0.0,0.001,LL,T2
ES64,-0.0,0.001,LL,T2
ES70,-0.0,0.001,LL,T2
FI19,1.2855,0.085,ns,T2
FI1B,2.5397,0.176,ns,T2
FI1C,1.6189,0.005,HH,T2
FI1D,1.1625,0.021,HH,T2
FI20,0.0,0.001,HL,T2
FR10,-0.2377,0.395,ns,T2
PL71,0.0353,0.117,ns,T2
PL72,0.1156,0.352,ns,T2
PL81,0.1819,0.13,ns,T2
PL82,0.1576,0.21,ns,T2
PL84,0.1872,0.178,ns,T2
PL91,-1.5256,0.298,ns,T2
PL92,0.0802,0.402,ns,T2
PT11,0.0694,0.231,ns,T2
PT15,0.4907,0.157,ns,T2
PT16,0.4935,0.11,ns,T2
PT17,0.6983,0.105,ns,T2
PT18,0.6521,0.044,LL,T2
PT20,-0.0,0.001,LL,T2
PT30,-0.0,0.001,LL,T2
RO11,2.7859,0.001,LL,T2
RO12,3.4659,0.001,LL,T2
RO21,4.3187,0.001,LL,T2
RO22,3.7661,0.001,LL,T2
RO31,3.2122,0.001,LL,T2
RO32,-0.1291,0.017,HL,T2
RO41,3.5953,0.001,LL,T2
RO42,2.743,0.002,LL,T2
SE11,5.4237,0.034,HH,T2
SE32,1.3331,0.042,HH,T2
SE33,1.3838,0.081,ns,T2
SI03,0.0545,0.321,ns,T2
SI04,-0.1135,0.308,ns,T2
SK01,-0.3665,0.334,ns,T2
SK02,0.3666,0.109,ns,T2
SK03,0.563,0.074,ns,T2
SK04,0.6766,0.047,LL,T2
NL12,0.2121,0.043,HH,T2
NL13,0.1441,0.194,ns,T2
NL21,0.2957,0.136,ns,T2
NL22,0.5482,0.017,HH,T2
NL23,0.6672,0.05,ns,T2
NL31,0.6161,0.038,HH,T2
NL32,0.8227,0.098,ns,T2
NL33,0.5724,0.028,HH,T2
NL34,0.0459,0.043,HH,T2
NL41,0.6881,0.101,ns,T2
NL42,0.3976,0.034,HH,T2
PL21,-0.215,0.106,ns,T2
PL22,-0.0715,0.138,ns,T2
PL41,0.0724,0.318,ns,T2
PL42,0.0127,0.446,ns,T2
PL43,-0.1697,0.324,ns,T2
PL51,-0.2144,0.167,ns,T2
PL52,0.1356,0.329,ns,T2
PL61,0.1632,0.253,ns,T2
PL62,0.2017,0.311,ns,T2
PL63,-0.1938,0.189,ns,T2
HR05,-0.7712,0.332,ns,T2
HR06,0.3266,0.121,ns,T2
CZ05,0.1295,0.261,ns,T3
CZ06,0.09,0.153,ns,T3
CZ07,0.2071,0.118,ns,T3
CZ08,0.3198,0.166,ns,T3
DE11,0.5317,0.061,ns,T3
DE12,0.614,0.019,HH,T3
DE13,1.1724,0.037,HH,T3
DE14,0.8746,0.082,ns,T3
DE21,0.5329,0.124,ns,T3
DE22,-0.1992,0.174,ns,T3
DE23,-0.143,0.369,ns,T3
DE24,-0.0015,0.498,ns,T3
DE25,0.4433,0.093,ns,T3
DE26,-0.0962,0.104,ns,T3
DE27,0.416,0.028,HH,T3
DE30,-0.3014,0.414,ns,T3
DEC0,-0.0489,0.396,ns,T3
DED2,-0.4062,0.097,ns,T3
DED4,0.0552,0.393,ns,T3
DED5,0.0,0.489,ns,T3
DEE0,0.0295,0.453,ns,T3
DEF0,0.0044,0.49,ns,T3
DEG0,-0.1044,0.246,ns,T3
DK01,3.4864,0.123,ns,T3
AT31,-0.0028,0.335,ns,T3
AT32,0.0696,0.21,ns,T3
AT33,0.0038,0.499,ns,T3
CY00,-0.0,0.001,LL,T3
CZ01,-0.4518,0.37,ns,T3
CZ02,0.1274,0.219,ns,T3
CZ03,0.138,0.29,ns,T3
CZ04,0.0458,0.461,ns,T3
DK03,0.2191,0.235,ns,T3
DK04,0.4448,0.187,ns,T3
DK05,0.539,0.207,ns,T3
EE00,0.3435,0.363,ns,T3
EL30,-0.039,0.04,HL,T3
EL41,-0.0,0.001,LL,T3
DE40,0.0221,0.4,ns,T3
DE50,-0.02,0.318,ns,T3
DE60,-0.0212,0.491,ns,T3
DE71,0.1897,0.291,ns,T3
DE72,0.0475,0.455,ns,T3
DE73,-0.0913,0.207,ns,T3
DE80,0.1059,0.341,ns,T3
DE91,0.0095,0.409,ns,T3
DE92,0.0101,0.448,ns,T3
AT11,-0.0582,0.354,ns,T3
AT12,0.0006,0.471,ns,T3
AT13,-0.0112,0.481,ns,T3
AT21,-0.0154,0.492,ns,T3
AT22,0.0768,0.337,ns,T3
ES51,0.308,0.239,ns,T3
ES52,-0.0241,0.354,ns,T3
AT34,-0.1916,0.06,ns,T3
BE10,0.9351,0.226,ns,T3
BE21,0.1087,0.31,ns,T3
BE22,0.0273,0.23,ns,T3
BE23,0.0743,0.309,ns,T3
BE24,0.4919,0.025,HH,T3
BE25,0.0121,0.335,ns,T3
BE31,1.1033,0.172,ns,T3
BE32,0.1834,0.048,HH,T3
BE33,0.0505,0.073,ns,T3
BE34,-0.0856,0.263,ns,T3
BE35,0.3539,0.127,ns,T3
BG31,0.4951,0.052,ns,T3
BG32,0.1289,0.006,LL,T3
BG33,0.1699,0.065,ns,T3
BG34,0.1482,0.261,ns,T3
BG41,-0.4006,0.101,ns,T3
BG42,0.0896,0.232,ns,T3
LT02,0.0443,0.39,ns,T3
LU00,-0.1266,0.379,ns,T3
LV00,0.219,0.09,ns,T3
MT00,0.0,0.001,HL,T3
NL11,-0.003,0.396,ns,T3
EL42,-0.0,0.001,LL,T3
EL43,-0.0,0.001,LL,T3
EL51,0.1091,0.414,ns,T3
EL52,0.51,0.085,ns,T3
EL53,1.2644,0.039,LL,T3
EL54,1.4724,0.007,LL,T3
DK02,3.4864,0.001,HH,T3
ITG2,-0.0,0.001,LL,T3
ITH1,0.791,0.107,ns,T3
ITH2,1.8272,0.019,LL,T3
ITH3,0.8836,0.029,LL,T3
ITH4,-0.1819,0.391,ns,T3
ITH5,1.5802,0.001,LL,T3
ITI1,1.5205,0.002,LL,T3
ITI2,1.6686,0.023,LL,T3
ITI3,1.584,0.002,LL,T3
ITI4,1.3712,0.001,LL,T3
LT01,0.7119,0.33,ns,T3
DE93,0.04,0.341,ns,T3
DE94,-0.002,0.488,ns,T3
DEA1,0.0084,0.417,ns,T3
DEA2,-0.0335,0.427,ns,T3
DEA3,-0.0287,0.393,ns,T3
DEA4,-0.0546,0.325,ns,T3
DEA5,0.0075,0.379,ns,T3
DEB1,-0.1281,0.22,ns,T3
DEB2,-0.0258,0.415,ns,T3
DEB3,0.1783,0.231,ns,T3
FRB0,0.5679,0.057,ns,T3
FRC1,-0.0165,0.005,LH,T3
FRC2,0.7352,0.19,ns,T3
FRD1,0.4352,0.06,ns,T3
FRD2,0.5032,0.063,ns,T3
FRE1,0.0679,0.405,ns,T3
FRE2,-0.0053,0.104,ns,T3
FRF1,0.8526,0.025,HH,T3
FRF2,-0.0216,0.084,ns,T3
FRF3,0.0101,0.097,ns,T3
FRG0,0.3173,0.093,ns,T3
FRH0,0.4564,0.218,ns,T3
FRI1,0.315,0.099,ns,T3
FRI2,0.2095,0.062,ns,T3
FRI3,0.1021,0.118,ns,T3
FRJ1,0.1986,0.024,HH,T3
FRJ2,0.5048,0.117,ns,T3
FRK1,0.4654,0.073,ns,T3
FRK2,0.0507,0.45,ns,T3
FRL0,-0.231,0.231,ns,T3
FRM0,0.0,0.001,HL,T3
FRY1,-0.0,0.001,LL,T3
FRY2,-0.0,0.001,LL,T3
FRY3,-0.0,0.001,LL,T3
FRY4,-0.0,0.001,LL,T3
FRY5,0.0,0.001,HL,T3
HR03,-0.0223,0.461,ns,T3
HR02,0.4816,0.132,ns,T3
HU11,0.7878,0.301,ns,T3
HU12,-0.0391,0.41,ns,T3
HU21,-0.0475,0.212,ns,T3
HU22,0.0502,0.283,ns,T3
ITF6,4.4615,0.008,LL,T3
ITG1,-0.0,0.001,LL,T3
EL61,1.474,0.002,LL,T3
EL62,-0.0,0.001,LL,T3
EL63,2.0243,0.011,LL,T3
EL64,1.2068,0.045,LL,T3
EL65,0.9943,0.102,ns,T3
ES11,0.0335,0.332,ns,T3
ES12,0.1156,0.292,ns,T3
ES13,0.2815,0.18,ns,T3
ES21,0.3824,0.192,ns,T3
ES22,0.2867,0.196,ns,T3
ES23,0.0168,0.163,ns,T3
ES24,0.0903,0.153,ns,T3
ES30,0.0275,0.472,ns,T3
ES41,0.0468,0.232,ns,T3
ES42,-0.0054,0.468,ns,T3
ES43,0.0907,0.327,ns,T3
SE12,3.6208,0.001,HH,T3
SE21,3.3453,0.001,HH,T3
SE22,3.755,0.01,HH,T3
SE23,3.4851,0.001,HH,T3
SE31,2.4901,0.001,HH,T3
HU23,0.3521,0.144,ns,T3
HU31,0.1701,0.187,ns,T3
HU32,0.3082,0.093,ns,T3
HU33,0.3208,0.187,ns,T3
IE04,1.8704,0.013,HH,T3
IE05,2.4963,0.033,HH,T3
IE06,2.3593,0.024,HH,T3
ITC1,0.8189,0.082,ns,T3
ITC2,0.2725,0.411,ns,T3
ITC3,1.1229,0.063,ns,T3
ITC4,1.2205,0.001,LL,T3
ITF1,1.5611,0.008,LL,T3
ITF2,2.7466,0.001,LL,T3
ITF3,3.3043,0.001,LL,T3
ITF4,3.724,0.001,LL,T3
ITF5,4.1177,0.001,LL,T3
ES53,-0.0,0.001,LL,T3
ES61,0.0977,0.257,ns,T3
ES62,0.0601,0.386,ns,T3
ES63,-0.0,0.001,LL,T3
ES64,-0.0,0.001,LL,T3
ES70,-0.0,0.001,LL,T3
FI19,3.1171,0.009,HH,T3
FI1B,4.8094,0.044,HH,T3
FI1C,3.774,0.001,HH,T3
FI1D,3.3651,0.003,HH,T3
FI20,0.0,0.001,HL,T3
FR10,0.4631,0.232,ns,T3
PL71,0.0146,0.04,LL,T3
PL72,0.3599,0.131,ns,T3
PL81,0.6053,0.065,ns,T3
PL82,0.5396,0.103,ns,T3
PL84,0.3813,0.133,ns,T3
PL91,-1.2928,0.166,ns,T3
PL92,0.3773,0.165,ns,T3
PT11,-0.0017,0.497,ns,T3
PT15,0.0991,0.302,ns,T3
PT16,0.0768,0.348,ns,T3
PT17,0.1722,0.273,ns,T3
PT18,0.1522,0.219,ns,T3
PT20,-0.0,0.001,LL,T3
PT30,-0.0,0.001,LL,T3
RO11,1.1582,0.017,LL,T3
RO12,2.2624,0.001,LL,T3
RO21,3.2068,0.003,LL,T3
RO22,2.3197,0.005,LL,T3
RO31,2.1916,0.002,LL,T3
RO32,0.775,0.027,LL,T3
RO41,1.8029,0.029,LL,T3
RO42,-0.465,0.003,HL,T3
SE11,4.9509,0.036,HH,T3
SE32,2.2229,0.017,HH,T3
SE33,2.8749,0.013,HH,T3
SI03,-0.0076,0.452,ns,T3
SI04,-0.1431,0.39,ns,T3
SK01,-0.1079,0.305,ns,T3
SK02,0.0599,0.369,ns,T3
SK03,0.2571,0.106,ns,T3
SK04,0.472,0.164,ns,T3
NL12,-0.038,0.308,ns,T3
NL13,-0.0036,0.47,ns,T3
NL21,-0.0122,0.465,ns,T3
NL22,0.0309,0.341,ns,T3
NL23,0.0483,0.321,ns,T3
NL31,0.047,0.272,ns,T3
NL32,0.0506,0.411,ns,T3
NL33,0.0305,0.334,ns,T3
NL34,-0.1201,0.258,ns,T3
NL41,0.0376,0.415,ns,T3
NL42,-0.0105,0.29,ns,T3
PL21,0.0951,0.077,ns,T3
PL22,0.0839,0.128,ns,T3
PL41,0.2696,0.203,ns,T3
PL42,0.1974,0.226,ns,T3
PL43,0.0931,0.404,ns,T3
PL51,-0.0827,0.166,ns,T3
PL52,0.2463,0.234,ns,T3
PL61,0.396,0.172,ns,T3
PL62,0.3059,0.251,ns,T3
PL63,-0.3902,0.068,ns,T3
HR05,-0.8893,0.243,ns,T3
HR06,0.0293,0.455,ns,T3
CZ05,0.6217,0.036,HH,T4
CZ06,0.8634,0.024,HH,T4
CZ07,0.5,0.051,ns,T4
CZ08,0.3634,0.229,ns,T4
DE11,0.0332,0.379,ns,T4
DE12,0.0347,0.313,ns,T4
DE13,0.0257,0.341,ns,T4
DE14,0.0024,0.5,ns,T4
DE21,-0.0384,0.274,ns,T4
DE22,-0.0105,0.213,ns,T4
DE23,0.0076,0.236,ns,T4
DE24,-0.0233,0.387,ns,T4
DE25,0.0328,0.387,ns,T4
DE26,0.0231,0.311,ns,T4
DE27,-0.0014,0.449,ns,T4
DE30,-0.0814,0.315,ns,T4
DEC0,0.1225,0.2,ns,T4
DED2,0.0627,0.184,ns,T4
DED4,-0.0331,0.305,ns,T4
DED5,-0.0055,0.401,ns,T4
DEE0,-0.0016,0.499,ns,T4
DEF0,-0.0003,0.49,ns,T4
DEG0,0.0138,0.362,ns,T4
DK01,0.0561,0.275,ns,T4
AT31,0.2804,0.139,ns,T4
AT32,0.1091,0.335,ns,T4
AT33,-0.1338,0.298,ns,T4
CY00,-0.0,0.001,LL,T4
CZ01,-0.7295,0.173,ns,T4
CZ02,0.707,0.053,ns,T4
CZ03,0.709,0.039,HH,T4
CZ04,0.4898,0.151,ns,T4
DK03,0.0256,0.447,ns,T4
DK04,0.0619,0.371,ns,T4
DK05,0.0755,0.369,ns,T4
EE00,1.5885,0.005,HH,T4
EL30,-0.647,0.245,ns,T4
EL41,0.0,0.001,HL,T4
DE40,0.0061,0.483,ns,T4
DE50,0.0276,0.469,ns,T4
DE60,-0.0048,0.5,ns,T4
DE71,0.025,0.38,ns,T4
DE72,0.0253,0.414,ns,T4
DE73,0.0291,0.292,ns,T4
DE80,0.003,0.409,ns,T4
DE91,0.0462,0.386,ns,T4
DE92,0.0564,0.33,ns,T4
AT11,0.3392,0.231,ns,T4
AT12,0.2636,0.08,ns,T4
AT13,0.2063,0.27,ns,T4
AT21,-0.0048,0.488,ns,T4
AT22,0.5021,0.008,HH,T4
ES51,-0.0494,0.322,ns,T4
ES52,1.0256,0.099,ns,T4
AT34,0.0722,0.377,ns,T4
BE10,1.0373,0.178,ns,T4
BE21,0.9276,0.009,LL,T4
BE22,0.898,0.007,LL,T4
BE23,0.8428,0.01,LL,T4
BE24,0.8115,0.014,LL,T4
BE25,0.8545,0.03,LL,T4
BE31,0.7834,0.036,LL,T4
BE32,0.7735,0.031,LL,T4
BE33,0.7185,0.009,LL,T4
BE34,0.5496,0.047,LL,T4
BE35,0.6024,0.043,LL,T4
BG31,0.8394,0.016,HH,T4
BG32,0.5071,0.015,HH,T4
BG33,1.0143,0.091,ns,T4
BG34,1.0637,0.037,HH,T4
BG41,0.615,0.109,ns,T4
BG42,0.7437,0.039,HH,T4
LT02,0.6746,0.226,ns,T4
LU00,0.6184,0.148,ns,T4
LV00,2.6323,0.033,HH,T4
MT00,-0.0,0.001,LL,T4
NL11,1.7244,0.041,LL,T4
EL42,0.0,0.001,HL,T4
EL43,0.0,0.001,HL,T4
EL51,0.2715,0.117,ns,T4
EL52,0.2838,0.031,HH,T4
EL53,0.7504,0.242,ns,T4
EL54,0.3641,0.073,ns,T4
DK02,0.0561,0.423,ns,T4
ITG2,0.0,0.001,HL,T4
ITH1,1.1727,0.042,LL,T4
ITH2,2.6413,0.005,LL,T4
ITH3,1.731,0.006,LL,T4
ITH4,0.5542,0.315,ns,T4
ITH5,3.009,0.001,LL,T4
ITI1,2.8288,0.001,LL,T4
ITI2,2.7543,0.005,LL,T4
ITI3,2.8443,0.001,LL,T4
ITI4,1.7218,0.008,LL,T4
LT01,0.0737,0.053,ns,T4
DE93,-0.0011,0.398,ns,T4
DE94,-0.0223,0.018,HL,T4
DEA1,0.1341,0.034,LL,T4
DEA2,0.117,0.107,ns,T4
DEA3,0.0513,0.052,ns,T4
DEA4,0.065,0.343,ns,T4
DEA5,0.0337,0.334,ns,T4
DEB1,0.0008,0.338,ns,T4
DEB2,-0.0801,0.101,ns,T4
DEB3,0.0394,0.253,ns,T4
FRB0,0.0643,0.313,ns,T4
FRC1,0.1293,0.201,ns,T4
FRC2,0.2246,0.221,ns,T4
FRD1,0.0208,0.404,ns,T4
FRD2,0.0042,0.257,ns,T4
FRE1,0.3997,0.099,ns,T4
FRE2,0.1949,0.149,ns,T4
FRF1,0.1181,0.227,ns,T4
FRF2,0.1517,0.038,LL,T4
FRF3,0.2682,0.07,ns,T4
FRG0,0.0166,0.379,ns,T4
FRH0,0.0061,0.408,ns,T4
FRI1,0.0272,0.313,ns,T4
FRI2,0.0152,0.367,ns,T4
FRI3,0.0136,0.365,ns,T4
FRJ1,0.0518,0.347,ns,T4
FRJ2,0.0232,0.318,ns,T4
FRK1,0.0269,0.268,ns,T4
FRK2,0.1036,0.04,LL,T4
FRL0,0.2947,0.04,LL,T4
FRM0,0.0,0.001,HL,T4
FRY1,-0.0,0.001,LL,T4
FRY2,-0.0,0.001,LL,T4
FRY3,0.0,0.001,HL,T4
FRY4,0.0,0.001,HL,T4
FRY5,0.0,0.001,HL,T4
HR03,1.3194,0.037,HH,T4
HR02,1.1304,0.02,HH,T4
HU11,-0.7272,0.353,ns,T4
HU12,-0.1111,0.229,ns,T4
HU21,-0.0032,0.335,ns,T4
HU22,0.0231,0.082,ns,T4
ITF6,-0.0668,0.154,ns,T4
ITG1,0.0,0.001,HL,T4
EL61,0.3199,0.053,ns,T4
EL62,0.0,0.001,HL,T4
EL63,0.114,0.171,ns,T4
EL64,-0.1059,0.382,ns,T4
EL65,-0.2249,0.258,ns,T4
ES11,-0.06,0.337,ns,T4
ES12,0.0439,0.391,ns,T4
ES13,-0.0028,0.336,ns,T4
ES21,0.0523,0.321,ns,T4
ES22,0.092,0.311,ns,T4
ES23,0.1046,0.295,ns,T4
ES24,-0.0713,0.27,ns,T4
ES30,-0.1043,0.149,ns,T4
ES41,-0.0996,0.076,ns,T4
ES42,1.3591,0.016,HH,T4
ES43,1.816,0.005,HH,T4
SE12,3.4275,0.001,HH,T4
SE21,3.0925,0.001,HH,T4
SE22,3.2212,0.006,HH,T4
SE23,3.4349,0.001,HH,T4
SE31,3.8254,0.001,HH,T4
HU23,0.142,0.148,ns,T4
HU31,0.0587,0.145,ns,T4
HU32,-0.0115,0.235,ns,T4
HU33,-0.123,0.156,ns,T4
IE04,4.1335,0.001,LL,T4
IE05,4.2374,0.001,LL,T4
IE06,4.1941,0.001,LL,T4
ITC1,1.8724,0.003,LL,T4
ITC2,1.1175,0.128,ns,T4
ITC3,1.9857,0.003,LL,T4
ITC4,2.9043,0.001,LL,T4
ITF1,1.5248,0.033,LL,T4
ITF2,-0.0224,0.09,ns,T4
ITF3,-0.0826,0.092,ns,T4
ITF4,-0.0275,0.274,ns,T4
ITF5,-0.103,0.44,ns,T4
ES53,0.0,0.001,HL,T4
ES61,1.7402,0.005,HH,T4
ES62,2.1651,0.003,HH,T4
ES63,0.0,0.001,HL,T4
ES64,0.0,0.001,HL,T4
ES70,0.0,0.001,HL,T4
FI19,2.872,0.007,HH,T4
FI1B,2.806,0.068,ns,T4
FI1C,2.8485,0.001,HH,T4
FI1D,3.1493,0.001,HH,T4
FI20,0.0,0.001,HL,T4
FR10,0.1091,0.259,ns,T4
PL71,0.0626,0.325,ns,T4
PL72,0.039,0.311,ns,T4
PL81,0.0947,0.319,ns,T4
PL82,-0.0272,0.411,ns,T4
PL84,-0.0566,0.345,ns,T4
PL91,0.5044,0.319,ns,T4
PL92,0.1442,0.079,ns,T4
PT11,0.3818,0.307,ns,T4
PT15,-0.447,0.028,LH,T4
PT16,1.4892,0.008,HH,T4
PT17,1.9321,0.029,HH,T4
PT18,1.5388,0.007,HH,T4
PT20,0.0,0.001,HL,T4
PT30,-0.0,0.001,LL,T4
RO11,0.2187,0.204,ns,T4
RO12,0.4969,0.035,HH,T4
RO21,0.9163,0.117,ns,T4
RO22,0.7088,0.016,HH,T4
RO31,0.3315,0.162,ns,T4
RO32,-1.0353,0.211,ns,T4
RO41,0.4017,0.086,ns,T4
RO42,0.0674,0.223,ns,T4
SE11,3.4504,0.027,HH,T4
SE32,4.0294,0.001,HH,T4
SE33,3.7983,0.002,HH,T4
SI03,1.4474,0.007,HH,T4
SI04,-0.0253,0.149,ns,T4
SK01,-0.6387,0.156,ns,T4
SK02,0.1124,0.207,ns,T4
SK03,0.3312,0.099,ns,T4
SK04,0.1308,0.337,ns,T4
NL12,2.8422,0.001,LL,T4
NL13,1.9996,0.012,LL,T4
NL21,1.9225,0.003,LL,T4
NL22,2.1882,0.001,LL,T4
NL23,3.2641,0.001,LL,T4
NL31,2.8953,0.001,LL,T4
NL32,3.0618,0.001,LL,T4
NL33,2.7393,0.001,LL,T4
NL34,1.7688,0.002,LL,T4
NL41,2.3675,0.002,LL,T4
NL42,1.7162,0.01,LL,T4
PL21,0.0317,0.31,ns,T4
PL22,-0.0586,0.245,ns,T4
PL41,0.014,0.446,ns,T4
PL42,-0.0024,0.411,ns,T4
PL43,0.0053,0.403,ns,T4
PL51,0.0206,0.218,ns,T4
PL52,0.0235,0.31,ns,T4
PL61,0.0826,0.328,ns,T4
PL62,-0.0567,0.32,ns,T4
PL63,-0.0179,0.321,ns,T4
HR05,-0.9395,0.105,ns,T4
HR06,0.7504,0.101,ns,T4
CZ05,0.6762,0.03,LL,T5
CZ06,0.6646,0.026,LL,T5
CZ07,0.911,0.001,LL,T5
CZ08,0.8056,0.012,LL,T5
DE11,0.8719,0.035,HH,T5
DE12,0.7913,0.022,HH,T5
DE13,0.674,0.106,ns,T5
DE14,0.861,0.022,HH,T5
DE21,0.7292,0.029,HH,T5
DE22,0.3121,0.19,ns,T5
DE23,0.2652,0.213,ns,T5
DE24,0.4693,0.104,ns,T5
DE25,0.8398,0.021,HH,T5
DE26,0.7743,0.017,HH,T5
DE27,0.7938,0.021,HH,T5
DE30,0.854,0.256,ns,T5
DEC0,0.4323,0.122,ns,T5
DED2,-0.181,0.262,ns,T5
DED4,0.3451,0.165,ns,T5
DED5,0.5838,0.063,ns,T5
DEE0,0.562,0.055,ns,T5
DEF0,0.7028,0.057,ns,T5
DEG0,0.6474,0.022,HH,T5
DK01,1.9601,0.069,ns,T5
AT31,0.2115,0.14,ns,T5
AT32,0.2606,0.199,ns,T5
AT33,0.169,0.193,ns,T5
CY00,-0.0,0.001,LL,T5
CZ01,0.1008,0.266,ns,T5
CZ02,0.7076,0.024,LL,T5
CZ03,0.0297,0.493,ns,T5
CZ04,-0.1036,0.376,ns,T5
DK03,1.1658,0.08,ns,T5
DK04,1.4546,0.074,ns,T5
DK05,1.4416,0.074,ns,T5
EE00,0.5635,0.314,ns,T5
EL30,0.1856,0.235,ns,T5
EL41,-0.0,0.001,LL,T5
DE40,0.2595,0.139,ns,T5
DE50,1.0145,0.091,ns,T5
DE60,0.8081,0.153,ns,T5
DE71,0.7723,0.02,HH,T5
DE72,0.7906,0.059,ns,T5
DE73,0.7543,0.017,HH,T5
DE80,0.21,0.244,ns,T5
DE91,0.7419,0.031,HH,T5
DE92,0.778,0.026,HH,T5
AT11,-0.0631,0.436,ns,T5
AT12,-0.0413,0.431,ns,T5
AT13,0.4787,0.315,ns,T5
AT21,-0.0124,0.492,ns,T5
AT22,0.1906,0.135,ns,T5
ES51,0.0021,0.436,ns,T5
ES52,-0.0007,0.492,ns,T5
AT34,0.8889,0.098,ns,T5
BE10,-0.1111,0.451,ns,T5
BE21,0.0341,0.459,ns,T5
BE22,0.0513,0.442,ns,T5
BE23,0.1546,0.255,ns,T5
BE24,0.1223,0.13,ns,T5
BE25,0.0125,0.497,ns,T5
BE31,0.1495,0.073,ns,T5
BE32,0.1582,0.282,ns,T5
BE33,0.0523,0.401,ns,T5
BE34,0.2098,0.29,ns,T5
BE35,0.4337,0.154,ns,T5
BG31,1.9297,0.001,LL,T5
BG32,1.57,0.001,LL,T5
BG33,1.3422,0.005,LL,T5
BG34,1.7994,0.001,LL,T5
BG41,1.0865,0.009,LL,T5
BG42,1.3851,0.002,LL,T5
LT02,0.0307,0.239,ns,T5
LU00,-0.0187,0.384,ns,T5
LV00,0.2604,0.233,ns,T5
MT00,-0.0,0.001,LL,T5
NL11,0.3057,0.158,ns,T5
EL42,-0.0,0.001,LL,T5
EL43,-0.0,0.001,LL,T5
EL51,0.5438,0.025,LL,T5
EL52,0.4078,0.072,ns,T5
EL53,0.2754,0.163,ns,T5
EL54,0.2272,0.151,ns,T5
DK02,1.9601,0.065,ns,T5
ITG2,-0.0,0.001,LL,T5
ITH1,0.278,0.266,ns,T5
ITH2,0.7353,0.016,LL,T5
ITH3,0.5479,0.073,ns,T5
ITH4,0.1338,0.413,ns,T5
ITH5,1.0313,0.001,LL,T5
ITI1,1.2036,0.002,LL,T5
ITI2,1.3846,0.008,LL,T5
ITI3,1.3509,0.002,LL,T5
ITI4,1.2632,0.001,LL,T5
LT01,-0.0141,0.488,ns,T5
DE93,0.6411,0.008,HH,T5
DE94,0.5713,0.019,HH,T5
DEA1,0.6849,0.054,ns,T5
DEA2,0.5212,0.092,ns,T5
DEA3,0.6302,0.035,HH,T5
DEA4,0.7441,0.027,HH,T5
DEA5,0.7734,0.017,HH,T5
DEB1,0.7107,0.017,HH,T5
DEB2,0.2862,0.2,ns,T5
DEB3,0.6503,0.04,HH,T5
FRB0,0.0082,0.431,ns,T5
FRC1,-0.0794,0.24,ns,T5
FRC2,0.0282,0.321,ns,T5
FRD1,0.0008,0.325,ns,T5
FRD2,0.0448,0.262,ns,T5
FRE1,-0.2301,0.247,ns,T5
FRE2,0.0271,0.322,ns,T5
FRF1,0.2946,0.085,ns,T5
FRF2,-0.0265,0.325,ns,T5
FRF3,0.0656,0.262,ns,T5
FRG0,0.0331,0.365,ns,T5
FRH0,0.0222,0.408,ns,T5
FRI1,-0.0286,0.444,ns,T5
FRI2,-0.1386,0.329,ns,T5
FRI3,0.0013,0.484,ns,T5
FRJ1,0.0099,0.352,ns,T5
FRJ2,-0.0035,0.484,ns,T5
FRK1,-0.0009,0.456,ns,T5
FRK2,-0.0808,0.246,ns,T5
FRL0,-0.1221,0.175,ns,T5
FRM0,-0.0,0.001,LL,T5
FRY1,-0.0,0.001,LL,T5
FRY2,0.0,0.001,HL,T5
FRY3,-0.0,0.001,LL,T5
FRY4,0.0,0.001,HL,T5
FRY5,0.0,0.001,HL,T5
HR03,0.0585,0.438,ns,T5
HR02,0.2903,0.048,LL,T5
HU11,0.1837,0.318,ns,T5
HU12,0.6725,0.002,LL,T5
HU21,0.8765,0.003,LL,T5
HU22,0.4294,0.081,ns,T5
ITF6,2.02,0.025,LL,T5
ITG1,-0.0,0.001,LL,T5
EL61,0.2913,0.106,ns,T5
EL62,-0.0,0.001,LL,T5
EL63,0.2807,0.146,ns,T5
EL64,0.2729,0.192,ns,T5
EL65,0.2237,0.257,ns,T5
ES11,0.0302,0.408,ns,T5
ES12,0.0,0.495,ns,T5
ES13,-0.0018,0.498,ns,T5
ES21,0.0018,0.371,ns,T5
ES22,0.0032,0.383,ns,T5
ES23,0.0001,0.482,ns,T5
ES24,0.0008,0.412,ns,T5
ES30,-0.0149,0.478,ns,T5
ES41,0.0043,0.404,ns,T5
ES42,0.0011,0.477,ns,T5
ES43,0.0271,0.29,ns,T5
SE12,8.2661,0.001,HH,T5
SE21,7.8655,0.001,HH,T5
SE22,7.7662,0.006,HH,T5
SE23,7.5951,0.001,HH,T5
SE31,7.7488,0.001,HH,T5
HU23,0.8462,0.019,LL,T5
HU31,1.2396,0.002,LL,T5
HU32,1.1713,0.002,LL,T5
HU33,0.9826,0.007,LL,T5
IE04,0.6516,0.11,ns,T5
IE05,0.7628,0.172,ns,T5
IE06,0.601,0.089,ns,T5
ITC1,0.6479,0.089,ns,T5
ITC2,0.3577,0.244,ns,T5
ITC3,0.7373,0.047,LL,T5
ITC4,0.9939,0.002,LL,T5
ITF1,1.4852,0.005,LL,T5
ITF2,1.7427,0.001,LL,T5
ITF3,1.7245,0.001,LL,T5
ITF4,1.9984,0.003,LL,T5
ITF5,1.9975,0.003,LL,T5
ES53,0.0,0.001,HL,T5
ES61,0.0313,0.349,ns,T5
ES62,-0.0028,0.463,ns,T5
ES63,-0.0,0.001,LL,T5
ES64,0.0,0.001,HL,T5
ES70,0.0,0.001,HL,T5
FI19,6.8136,0.007,HH,T5
FI1B,7.404,0.041,HH,T5
FI1C,6.9129,0.001,HH,T5
FI1D,6.4535,0.001,HH,T5
FI20,0.0,0.001,HL,T5
FR10,0.0592,0.405,ns,T5
PL71,0.9374,0.001,LL,T5
PL72,1.0448,0.001,LL,T5
PL81,1.0628,0.007,LL,T5
PL82,1.1006,0.004,LL,T5
PL84,0.8133,0.035,LL,T5
PL91,0.7809,0.165,ns,T5
PL92,0.9752,0.002,LL,T5
PT11,0.1035,0.387,ns,T5
PT15,0.0923,0.295,ns,T5
PT16,0.0934,0.342,ns,T5
PT17,-0.056,0.239,ns,T5
PT18,0.0941,0.387,ns,T5
PT20,-0.0,0.001,LL,T5
PT30,-0.0,0.001,LL,T5
RO11,0.6364,0.005,LL,T5
RO12,0.5481,0.011,LL,T5
RO21,0.657,0.067,ns,T5
RO22,0.9559,0.003,LL,T5
RO31,0.892,0.001,LL,T5
RO32,0.2106,0.243,ns,T5
RO41,0.8977,0.012,LL,T5
RO42,0.5747,0.022,LL,T5
SE11,8.8995,0.005,HH,T5
SE32,7.093,0.005,HH,T5
SE33,6.3679,0.005,HH,T5
SI03,0.0083,0.445,ns,T5
SI04,-0.0471,0.319,ns,T5
SK01,0.0902,0.362,ns,T5
SK02,0.722,0.008,LL,T5
SK03,0.9831,0.001,LL,T5
SK04,1.2459,0.001,LL,T5
NL12,0.2644,0.119,ns,T5
NL13,0.2683,0.108,ns,T5
NL21,0.343,0.072,ns,T5
NL22,0.3146,0.048,HH,T5
NL23,0.257,0.113,ns,T5
NL31,0.2718,0.151,ns,T5
NL32,0.2682,0.153,ns,T5
NL33,0.2518,0.116,ns,T5
NL34,-0.0741,0.424,ns,T5
NL41,0.0766,0.302,ns,T5
NL42,0.1431,0.222,ns,T5
PL21,1.0545,0.002,LL,T5
PL22,0.8862,0.001,LL,T5
PL41,0.9439,0.003,LL,T5
PL42,0.2988,0.262,ns,T5
PL43,0.2749,0.268,ns,T5
PL51,0.6274,0.03,LL,T5
PL52,0.8798,0.003,LL,T5
PL61,0.93,0.003,LL,T5
PL62,0.8364,0.018,LL,T5
PL63,0.9254,0.012,LL,T5
HR05,-0.1075,0.401,ns,T5
HR06,0.2111,0.157,ns,T5
CZ05,0.0806,0.257,ns,T6
CZ06,0.0392,0.398,ns,T6
CZ07,0.0406,0.354,ns,T6
CZ08,0.0294,0.429,ns,T6
DE11,0.0323,0.355,ns,T6
DE12,0.0731,0.253,ns,T6
DE13,0.0417,0.238,ns,T6
DE14,0.0044,0.464,ns,T6
DE21,-0.0428,0.367,ns,T6
DE22,0.0053,0.457,ns,T6
DE23,0.0196,0.33,ns,T6
DE24,-0.0011,0.395,ns,T6
DE25,0.027,0.358,ns,T6
DE26,0.0152,0.366,ns,T6
DE27,-0.0027,0.474,ns,T6
DE30,0.0241,0.493,ns,T6
DEC0,0.0211,0.301,ns,T6
DED2,0.0213,0.353,ns,T6
DED4,0.0033,0.404,ns,T6
DED5,0.0106,0.432,ns,T6
DEE0,0.0036,0.409,ns,T6
DEF0,-0.0039,0.451,ns,T6
DEG0,0.0029,0.435,ns,T6
DK01,0.2633,0.284,ns,T6
AT31,0.0574,0.387,ns,T6
AT32,0.1971,0.125,ns,T6
AT33,0.2227,0.11,ns,T6
CY00,-0.0,0.001,LL,T6
CZ01,0.3149,0.279,ns,T6
CZ02,0.1513,0.203,ns,T6
CZ03,0.0075,0.47,ns,T6
CZ04,0.0343,0.317,ns,T6
DK03,0.1772,0.359,ns,T6
DK04,0.4074,0.15,ns,T6
DK05,0.4122,0.281,ns,T6
EE00,2.0041,0.014,LL,T6
EL30,1.0054,0.038,LL,T6
EL41,-0.0,0.001,LL,T6
DE40,0.008,0.389,ns,T6
DE50,0.0173,0.432,ns,T6
DE60,0.0216,0.447,ns,T6
DE71,0.0293,0.392,ns,T6
DE72,0.0063,0.429,ns,T6
DE73,-0.0015,0.375,ns,T6
DE80,0.0032,0.445,ns,T6
DE91,0.0094,0.447,ns,T6
DE92,0.0153,0.388,ns,T6
AT11,0.0176,0.473,ns,T6
AT12,0.047,0.391,ns,T6
AT13,0.1458,0.303,ns,T6
AT21,0.2015,0.141,ns,T6
AT22,0.1695,0.167,ns,T6
ES51,0.0442,0.207,ns,T6
ES52,0.1418,0.062,ns,T6
AT34,0.0455,0.432,ns,T6
BE10,1.502,0.088,ns,T6
BE21,2.4177,0.024,HH,T6
BE22,1.5187,0.002,HH,T6
BE23,1.3814,0.005,HH,T6
BE24,1.7302,0.001,HH,T6
BE25,1.2869,0.011,HH,T6
BE31,1.5651,0.011,HH,T6
BE32,1.0756,0.003,HH,T6
BE33,1.2521,0.048,HH,T6
BE34,0.9387,0.022,HH,T6
BE35,1.1452,0.007,HH,T6
BG31,-0.2332,0.26,ns,T6
BG32,-0.0618,0.353,ns,T6
BG33,-0.021,0.434,ns,T6
BG34,0.006,0.469,ns,T6
BG41,-0.0415,0.201,ns,T6
BG42,0.0398,0.409,ns,T6
LT02,1.2072,0.069,ns,T6
LU00,-1.311,0.014,LH,T6
LV00,2.4064,0.002,LL,T6
MT00,-0.0,0.001,LL,T6
NL11,0.4151,0.2,ns,T6
EL42,-0.0,0.001,LL,T6
EL43,-0.0,0.001,LL,T6
EL51,0.5115,0.212,ns,T6
EL52,0.9075,0.038,LL,T6
EL53,1.3478,0.019,LL,T6
EL54,1.3653,0.015,LL,T6
DK02,0.2633,0.322,ns,T6
ITG2,-0.0,0.001,LL,T6
ITH1,0.8063,0.027,LL,T6
ITH2,1.0335,0.028,LL,T6
ITH3,0.9309,0.004,LL,T6
ITH4,0.3794,0.254,ns,T6
ITH5,1.0921,0.002,LL,T6
ITI1,1.1275,0.005,LL,T6
ITI2,1.1703,0.027,LL,T6
ITI3,1.1916,0.005,LL,T6
ITI4,1.023,0.002,LL,T6
LT01,2.1439,0.011,LL,T6
DE93,0.0061,0.342,ns,T6
DE94,0.0268,0.14,ns,T6
DEA1,0.0575,0.203,ns,T6
DEA2,0.12,0.099,ns,T6
DEA3,0.0203,0.209,ns,T6
DEA4,0.008,0.424,ns,T6
DEA5,0.0083,0.404,ns,T6
DEB1,0.008,0.383,ns,T6
DEB2,-0.0152,0.278,ns,T6
DEB3,0.104,0.074,ns,T6
FRB0,3.5798,0.001,HH,T6
FRC1,2.6117,0.007,HH,T6
FRC2,1.061,0.003,HH,T6
FRD1,3.5388,0.003,HH,T6
FRD2,3.4877,0.003,HH,T6
FRE1,2.0885,0.069,ns,T6
FRE2,1.1578,0.003,HH,T6
FRF1,0.5804,0.059,ns,T6
FRF2,0.9391,0.002,HH,T6
FRF3,0.737,0.181,ns,T6
FRG0,1.3273,0.002,HH,T6
FRH0,1.3775,0.024,HH,T6
FRI1,0.4743,0.306,ns,T6
FRI2,3.5135,0.002,HH,T6
FRI3,1.4457,0.002,HH,T6
FRJ1,1.1031,0.004,HH,T6
FRJ2,1.8779,0.032,HH,T6
FRK1,1.4641,0.001,HH,T6
FRK2,0.6559,0.032,HH,T6
FRL0,-0.2105,0.434,ns,T6
FRM0,0.0,0.001,HL,T6
FRY1,0.0,0.001,HL,T6
FRY2,0.0,0.001,HL,T6
FRY3,0.0,0.001,HL,T6
FRY4,0.0,0.001,HL,T6
FRY5,0.0,0.001,HL,T6
HR03,-0.0097,0.331,ns,T6
HR02,-0.0031,0.476,ns,T6
HU11,0.0567,0.446,ns,T6
HU12,0.0045,0.47,ns,T6
HU21,0.0,0.49,ns,T6
HU22,0.0,0.5,ns,T6
ITF6,1.44,0.159,ns,T6
ITG1,-0.0,0.001,LL,T6
EL61,1.3095,0.003,LL,T6
EL62,-0.0,0.001,LL,T6
EL63,1.3268,0.008,LL,T6
EL64,1.1912,0.025,LL,T6
EL65,1.1813,0.069,ns,T6
ES11,1.8532,0.002,LL,T6
ES12,1.8718,0.001,LL,T6
ES13,1.8384,0.002,LL,T6
ES21,0.7793,0.065,ns,T6
ES22,0.5338,0.214,ns,T6
ES23,1.8344,0.003,LL,T6
ES24,-0.0494,0.464,ns,T6
ES30,0.8966,0.105,ns,T6
ES41,1.5426,0.001,LL,T6
ES42,0.2189,0.002,LL,T6
ES43,0.1774,0.003,LL,T6
SE12,5.1642,0.001,HH,T6
SE21,5.2627,0.001,HH,T6
SE22,3.2679,0.003,HH,T6
SE23,4.9346,0.001,HH,T6
SE31,2.6076,0.002,HH,T6
HU23,0.0025,0.463,ns,T6
HU31,0.0039,0.448,ns,T6
HU32,0.0032,0.43,ns,T6
HU33,0.0036,0.394,ns,T6
IE04,1.5213,0.057,ns,T6
IE05,1.4266,0.042,LL,T6
IE06,1.2868,0.02,LL,T6
ITC1,0.1605,0.365,ns,T6
ITC2,0.0741,0.495,ns,T6
ITC3,0.2154,0.352,ns,T6
ITC4,1.0145,0.005,LL,T6
ITF1,1.2165,0.024,LL,T6
ITF2,1.2845,0.008,LL,T6
ITF3,1.275,0.008,LL,T6
ITF4,1.3756,0.017,LL,T6
ITF5,1.3853,0.013,LL,T6
ES53,-0.0,0.001,LL,T6
ES61,1.3017,0.014,LL,T6
ES62,0.8735,0.139,ns,T6
ES63,-0.0,0.001,LL,T6
ES64,-0.0,0.001,LL,T6
ES70,-0.0,0.001,LL,T6
FI19,0.8868,0.107,ns,T6
FI1B,1.0931,0.126,ns,T6
FI1C,0.9447,0.05,ns,T6
FI1D,0.9631,0.045,HH,T6
FI20,0.0,0.001,HL,T6
FR10,1.9448,0.001,HH,T6
PL71,0.0163,0.423,ns,T6
PL72,-0.0001,0.37,ns,T6
PL81,0.0038,0.469,ns,T6
PL82,0.0024,0.478,ns,T6
PL84,-0.0345,0.227,ns,T6
PL91,0.0456,0.489,ns,T6
PL92,0.0112,0.344,ns,T6
PT11,1.8576,0.001,LL,T6
PT15,1.9462,0.005,LL,T6
PT16,1.625,0.002,LL,T6
PT17,2.0239,0.005,LL,T6
PT18,1.6459,0.002,LL,T6
PT20,-0.0,0.001,LL,T6
PT30,-0.0,0.001,LL,T6
RO11,0.0526,0.317,ns,T6
RO12,0.0312,0.383,ns,T6
RO21,-0.0433,0.415,ns,T6
RO22,-0.2883,0.236,ns,T6
RO31,-0.0617,0.336,ns,T6
RO32,-0.0701,0.338,ns,T6
RO41,-0.0003,0.484,ns,T6
RO42,0.0592,0.329,ns,T6
SE11,4.1365,0.005,HH,T6
SE32,1.5254,0.054,ns,T6
SE33,1.3637,0.078,ns,T6
SI03,-0.0501,0.329,ns,T6
SI04,-0.1626,0.271,ns,T6
SK01,-0.1346,0.289,ns,T6
SK02,-0.0066,0.425,ns,T6
SK03,-0.0124,0.387,ns,T6
SK04,-0.0009,0.486,ns,T6
NL12,0.6061,0.036,HH,T6
NL13,0.4432,0.11,ns,T6
NL21,0.437,0.091,ns,T6
NL22,0.5212,0.035,HH,T6
NL23,0.7158,0.039,HH,T6
NL31,0.6963,0.046,HH,T6
NL32,0.7886,0.058,ns,T6
NL33,0.6708,0.036,HH,T6
NL34,0.8994,0.007,HH,T6
NL41,0.9455,0.008,HH,T6
NL42,0.6833,0.022,HH,T6
PL21,0.0024,0.482,ns,T6
PL22,0.0222,0.401,ns,T6
PL41,0.021,0.363,ns,T6
PL42,0.013,0.405,ns,T6
PL43,0.0013,0.356,ns,T6
PL51,0.0415,0.357,ns,T6
PL52,0.0022,0.275,ns,T6
PL61,0.0123,0.384,ns,T6
PL62,0.0037,0.284,ns,T6
PL63,0.0211,0.429,ns,T6
HR05,-0.0144,0.43,ns,T6
HR06,-0.0041,0.402,ns,T6
CZ05,0.0139,0.454,ns,T7
CZ06,-0.014,0.342,ns,T7
CZ07,0.0969,0.188,ns,T7
CZ08,0.1929,0.205,ns,T7
DE11,2.4521,0.004,HH,T7
DE12,2.1984,0.001,HH,T7
DE13,2.1561,0.014,HH,T7
DE14,2.7675,0.004,HH,T7
DE21,2.2048,0.001,HH,T7
DE22,0.0155,0.019,HH,T7
DE23,0.6025,0.158,ns,T7
DE24,0.1488,0.11,ns,T7
DE25,1.9809,0.001,HH,T7
DE26,0.5972,0.002,HH,T7
DE27,1.561,0.001,HH,T7
DE30,0.1083,0.453,ns,T7
DEC0,-0.0211,0.26,ns,T7
DED2,-0.2527,0.256,ns,T7
DED4,-0.0125,0.321,ns,T7
DED5,0.1065,0.253,ns,T7
DEE0,-0.113,0.189,ns,T7
DEF0,0.2624,0.151,ns,T7
DEG0,0.1524,0.265,ns,T7
DK01,4.8155,0.093,ns,T7
AT31,0.7146,0.032,HH,T7
AT32,0.6743,0.01,HH,T7
AT33,0.7266,0.042,HH,T7
CY00,-0.0,0.001,LL,T7
CZ01,-0.142,0.488,ns,T7
CZ02,0.0171,0.368,ns,T7
CZ03,-0.1119,0.245,ns,T7
CZ04,-0.3936,0.22,ns,T7
DK03,1.2368,0.061,ns,T7
DK04,1.9167,0.049,HH,T7
DK05,1.9524,0.056,ns,T7
EE00,-0.2089,0.433,ns,T7
EL30,-0.1397,0.113,ns,T7
EL41,-0.0,0.001,LL,T7
DE40,0.0123,0.315,ns,T7
DE50,0.051,0.333,ns,T7
DE60,0.3108,0.312,ns,T7
DE71,1.1296,0.027,HH,T7
DE72,0.555,0.17,ns,T7
DE73,0.0487,0.012,HH,T7
DE80,-0.0177,0.418,ns,T7
DE91,0.2121,0.199,ns,T7
DE92,0.2053,0.203,ns,T7
AT11,0.0521,0.213,ns,T7
AT12,0.277,0.103,ns,T7
AT13,0.8427,0.262,ns,T7
AT21,0.4128,0.182,ns,T7
AT22,0.769,0.072,ns,T7
ES51,0.0064,0.478,ns,T7
ES52,0.1734,0.268,ns,T7
AT34,1.2845,0.009,HH,T7
BE10,1.2741,0.131,ns,T7
BE21,0.6239,0.054,ns,T7
BE22,0.2069,0.026,HH,T7
BE23,0.3285,0.129,ns,T7
BE24,0.9803,0.014,HH,T7
BE25,0.0545,0.296,ns,T7
BE31,1.3598,0.134,ns,T7
BE32,0.1254,0.066,ns,T7
BE33,0.175,0.017,HH,T7
BE34,-0.0054,0.445,ns,T7
BE35,0.2303,0.154,ns,T7
BG31,2.6572,0.001,LL,T7
BG32,2.2497,0.001,LL,T7
BG33,2.1116,0.001,LL,T7
BG34,2.1144,0.004,LL,T7
BG41,0.2257,0.019,LL,T7
BG42,1.3539,0.016,LL,T7
LT02,0.0253,0.419,ns,T7
LU00,-0.0357,0.448,ns,T7
LV00,-0.0769,0.335,ns,T7
MT00,-0.0,0.001,LL,T7
NL11,0.1098,0.329,ns,T7
EL42,-0.0,0.001,LL,T7
EL43,-0.0,0.001,LL,T7
EL51,0.4021,0.141,ns,T7
EL52,0.2084,0.068,ns,T7
EL53,0.7939,0.105,ns,T7
EL54,0.9086,0.019,LL,T7
DK02,4.8155,0.003,HH,T7
ITG2,-0.0,0.001,LL,T7
ITH1,0.045,0.461,ns,T7
ITH2,0.6511,0.109,ns,T7
ITH3,0.074,0.409,ns,T7
ITH4,-0.1461,0.27,ns,T7
ITH5,0.323,0.032,LL,T7
ITI1,0.4832,0.049,LL,T7
ITI2,0.6583,0.112,ns,T7
ITI3,0.5877,0.057,ns,T7
ITI4,0.419,0.005,LL,T7
LT01,-0.2479,0.468,ns,T7
DE93,0.0389,0.201,ns,T7
DE94,0.0027,0.088,ns,T7
DEA1,0.3651,0.092,ns,T7
DEA2,0.3261,0.208,ns,T7
DEA3,0.0681,0.077,ns,T7
DEA4,0.2634,0.219,ns,T7
DEA5,0.2618,0.062,ns,T7
DEB1,0.0077,0.021,HH,T7
DEB2,-0.016,0.234,ns,T7
DEB3,0.7079,0.106,ns,T7
FRB0,0.0684,0.369,ns,T7
FRC1,-0.267,0.062,ns,T7
FRC2,-0.0166,0.491,ns,T7
FRD1,0.01,0.266,ns,T7
FRD2,0.0563,0.217,ns,T7
FRE1,0.0,0.461,ns,T7
FRE2,-0.0623,0.327,ns,T7
FRF1,0.4858,0.009,HH,T7
FRF2,-0.1461,0.241,ns,T7
FRF3,-0.1502,0.153,ns,T7
FRG0,0.0241,0.366,ns,T7
FRH0,0.037,0.436,ns,T7
FRI1,0.0402,0.381,ns,T7
FRI2,-0.0924,0.225,ns,T7
FRI3,-0.0568,0.358,ns,T7
FRJ1,-0.0539,0.089,ns,T7
FRJ2,0.0947,0.404,ns,T7
FRK1,0.1022,0.274,ns,T7
FRK2,-0.0915,0.424,ns,T7
FRL0,-0.0746,0.338,ns,T7
FRM0,-0.0,0.001,LL,T7
FRY1,-0.0,0.001,LL,T7
FRY2,-0.0,0.001,LL,T7
FRY3,-0.0,0.001,LL,T7
FRY4,-0.0,0.001,LL,T7
FRY5,-0.0,0.001,LL,T7
HR03,0.2704,0.31,ns,T7
HR02,0.8927,0.043,LL,T7
HU11,0.0219,0.481,ns,T7
HU12,-0.0061,0.182,ns,T7
HU21,0.2232,0.071,ns,T7
HU22,0.1786,0.198,ns,T7
ITF6,2.9174,0.042,LL,T7
ITG1,-0.0,0.001,LL,T7
EL61,0.7953,0.023,LL,T7
EL62,-0.0,0.001,LL,T7
EL63,1.0493,0.043,LL,T7
EL64,0.536,0.113,ns,T7
EL65,0.444,0.221,ns,T7
ES11,0.1128,0.301,ns,T7
ES12,0.0704,0.307,ns,T7
ES13,0.0034,0.488,ns,T7
ES21,-0.0644,0.4,ns,T7
ES22,0.0008,0.5,ns,T7
ES23,-0.0164,0.493,ns,T7
ES24,0.0086,0.448,ns,T7
ES30,-0.2712,0.228,ns,T7
ES41,0.1038,0.123,ns,T7
ES42,0.3112,0.124,ns,T7
ES43,0.7639,0.038,LL,T7
SE12,2.0218,0.001,HH,T7
SE21,1.5437,0.003,HH,T7
SE22,2.3086,0.041,HH,T7
SE23,1.9062,0.003,HH,T7
SE31,0.7701,0.018,HH,T7
HU23,0.7825,0.042,LL,T7
HU31,0.4594,0.103,ns,T7
HU32,0.7007,0.025,LL,T7
HU33,0.7805,0.018,LL,T7
IE04,1.3885,0.02,HH,T7
IE05,1.7887,0.05,ns,T7
IE06,1.805,0.053,ns,T7
ITC1,0.2166,0.23,ns,T7
ITC2,-0.1454,0.438,ns,T7
ITC3,0.3321,0.232,ns,T7
ITC4,0.2604,0.043,LL,T7
ITF1,0.7638,0.049,LL,T7
ITF2,1.5226,0.016,LL,T7
ITF3,1.791,0.01,LL,T7
ITF4,2.2317,0.005,LL,T7
ITF5,2.5382,0.002,LL,T7
ES53,-0.0,0.001,LL,T7
ES61,0.67,0.019,LL,T7
ES62,0.5147,0.11,ns,T7
ES63,-0.0,0.001,LL,T7
ES64,-0.0,0.001,LL,T7
ES70,-0.0,0.001,LL,T7
FI19,0.7682,0.131,ns,T7
FI1B,1.6844,0.226,ns,T7
FI1C,1.0449,0.014,HH,T7
FI1D,0.758,0.074,ns,T7
FI20,0.0,0.001,HL,T7
FR10,-0.163,0.399,ns,T7
PL71,-0.0204,0.071,ns,T7
PL72,0.1921,0.255,ns,T7
PL81,0.3175,0.092,ns,T7
PL82,0.241,0.165,ns,T7
PL84,0.3461,0.116,ns,T7
PL91,-1.3709,0.231,ns,T7
PL92,0.1859,0.276,ns,T7
PT11,0.2074,0.157,ns,T7
PT15,0.8468,0.088,ns,T7
PT16,0.765,0.044,LL,T7
PT17,1.0194,0.06,ns,T7
PT18,1.0042,0.016,LL,T7
PT20,-0.0,0.001,LL,T7
PT30,-0.0,0.001,LL,T7
RO11,2.0972,0.001,LL,T7
RO12,3.5227,0.001,LL,T7
RO21,4.6065,0.001,LL,T7
RO22,4.3095,0.001,LL,T7
RO31,3.8929,0.001,LL,T7
RO32,1.4819,0.013,LL,T7
RO41,3.5267,0.002,LL,T7
RO42,0.7344,0.002,LL,T7
SE11,3.5156,0.089,ns,T7
SE32,0.4681,0.152,ns,T7
SE33,0.6536,0.153,ns,T7
SI03,0.0029,0.488,ns,T7
SI04,-0.0397,0.453,ns,T7
SK01,-0.0463,0.447,ns,T7
SK02,0.0846,0.325,ns,T7
SK03,0.2407,0.13,ns,T7
SK04,0.4486,0.122,ns,T7
NL12,0.1647,0.061,ns,T7
NL13,0.1776,0.229,ns,T7
NL21,0.311,0.16,ns,T7
NL22,0.5695,0.013,HH,T7
NL23,0.5553,0.061,ns,T7
NL31,0.5872,0.044,HH,T7
NL32,0.6415,0.114,ns,T7
NL33,0.6157,0.031,HH,T7
NL34,0.074,0.037,HH,T7
NL41,0.8774,0.09,ns,T7
NL42,0.4815,0.032,HH,T7
PL21,-0.0902,0.107,ns,T7
PL22,0.0126,0.182,ns,T7
PL41,0.1336,0.275,ns,T7
PL42,0.0735,0.354,ns,T7
PL43,-0.0834,0.398,ns,T7
PL51,-0.0979,0.258,ns,T7
PL52,0.12,0.34,ns,T7
PL61,0.2245,0.233,ns,T7
PL62,0.3002,0.227,ns,T7
PL63,-0.3415,0.107,ns,T7
HR05,-0.493,0.301,ns,T7
HR06,0.2777,0.164,ns,T7
CZ05,0.0139,0.457,ns,T8
CZ06,0.0591,0.146,ns,T8
CZ07,0.1838,0.08,ns,T8
CZ08,0.1743,0.169,ns,T8
DE11,2.0096,0.002,HH,T8
DE12,1.9153,0.001,HH,T8
DE13,1.6658,0.005,HH,T8
DE14,1.7555,0.002,HH,T8
DE21,1.1427,0.026,HH,T8
DE22,0.5621,0.068,ns,T8
DE23,0.8688,0.04,HH,T8
DE24,0.7809,0.017,HH,T8
DE25,1.9871,0.001,HH,T8
DE26,1.423,0.001,HH,T8
DE27,1.2482,0.002,HH,T8
DE30,0.9747,0.24,ns,T8
DEC0,0.5215,0.024,HH,T8
DED2,0.1599,0.349,ns,T8
DED4,0.4082,0.086,ns,T8
DED5,0.6876,0.04,HH,T8
DEE0,0.4548,0.013,HH,T8
DEF0,0.5938,0.076,ns,T8
DEG0,0.7357,0.007,HH,T8
DK01,-0.0346,0.445,ns,T8
AT31,0.0338,0.213,ns,T8
AT32,-0.0239,0.237,ns,T8
AT33,-0.0573,0.064,ns,T8
CY00,-0.0,0.001,LL,T8
CZ01,-0.1285,0.359,ns,T8
CZ02,0.0315,0.355,ns,T8
CZ03,-0.0446,0.37,ns,T8
CZ04,-0.312,0.126,ns,T8
DK03,0.0497,0.167,ns,T8
DK04,0.0037,0.467,ns,T8
DK05,-0.028,0.363,ns,T8
EE00,0.9248,0.146,ns,T8
EL30,0.7587,0.016,LL,T8
EL41,-0.0,0.001,LL,T8
DE40,0.4448,0.041,HH,T8
DE50,0.6998,0.055,ns,T8
DE60,1.0648,0.106,ns,T8
DE71,1.3882,0.002,HH,T8
DE72,0.9256,0.023,HH,T8
DE73,0.8338,0.001,HH,T8
DE80,0.3387,0.135,ns,T8
DE91,0.9329,0.011,HH,T8
DE92,0.9721,0.008,HH,T8
AT11,0.1122,0.183,ns,T8
AT12,0.0227,0.217,ns,T8
AT13,-0.0145,0.421,ns,T8
AT21,-0.0032,0.493,ns,T8
AT22,-0.006,0.346,ns,T8
ES51,0.527,0.179,ns,T8
ES52,0.0617,0.265,ns,T8
AT34,0.4475,0.064,ns,T8
BE10,0.0732,0.343,ns,T8
BE21,0.0471,0.199,ns,T8
BE22,-0.0865,0.18,ns,T8
BE23,0.006,0.45,ns,T8
BE24,0.0042,0.5,ns,T8
BE25,-0.018,0.431,ns,T8
BE31,-0.1117,0.37,ns,T8
BE32,-0.1289,0.241,ns,T8
BE33,-0.122,0.078,ns,T8
BE34,-0.0545,0.372,ns,T8
BE35,0.0164,0.463,ns,T8
BG31,3.6716,0.001,LL,T8
BG32,3.4574,0.001,LL,T8
BG33,2.8923,0.003,LL,T8
BG34,2.8353,0.003,LL,T8
BG41,1.1801,0.002,LL,T8
BG42,2.4915,0.004,LL,T8
LT02,0.6009,0.132,ns,T8
LU00,0.2008,0.32,ns,T8
LV00,1.2125,0.119,ns,T8
MT00,-0.0,0.001,LL,T8
NL11,0.2211,0.231,ns,T8
EL42,-0.0,0.001,LL,T8
EL43,-0.0,0.001,LL,T8
EL51,2.2648,0.02,LL,T8
EL52,2.3112,0.005,LL,T8
EL53,3.1834,0.007,LL,T8
EL54,3.1551,0.006,LL,T8
DK02,-0.0346,0.165,ns,T8
ITG2,-0.0,0.001,LL,T8
ITH1,0.0596,0.359,ns,T8
ITH2,0.1346,0.293,ns,T8
ITH3,0.1214,0.183,ns,T8
ITH4,0.0088,0.468,ns,T8
ITH5,0.3197,0.25,ns,T8
ITI1,0.12,0.201,ns,T8
ITI2,0.0317,0.343,ns,T8
ITI3,0.0682,0.204,ns,T8
ITI4,0.02,0.466,ns,T8
LT01,0.3312,0.188,ns,T8
DE93,0.699,0.003,HH,T8
DE94,0.5611,0.01,HH,T8
DEA1,0.9003,0.006,HH,T8
DEA2,1.0337,0.055,ns,T8
DEA3,0.6551,0.013,HH,T8
DEA4,0.9605,0.006,HH,T8
DEA5,0.8611,0.001,HH,T8
DEB1,0.8239,0.001,HH,T8
DEB2,0.5359,0.036,HH,T8
DEB3,1.19,0.007,HH,T8
FRB0,0.3873,0.037,HH,T8
FRC1,0.1339,0.008,HH,T8
FRC2,0.3326,0.134,ns,T8
FRD1,0.2463,0.123,ns,T8
FRD2,0.402,0.03,HH,T8
FRE1,-0.0444,0.419,ns,T8
FRE2,0.2386,0.111,ns,T8
FRF1,0.7582,0.002,HH,T8
FRF2,0.0666,0.199,ns,T8
FRF3,0.2387,0.05,ns,T8
FRG0,0.3415,0.157,ns,T8
FRH0,0.3411,0.245,ns,T8
FRI1,0.4138,0.1,ns,T8
FRI2,0.0304,0.05,ns,T8
FRI3,0.2403,0.158,ns,T8
FRJ1,0.4332,0.013,HH,T8
FRJ2,0.5435,0.073,ns,T8
FRK1,0.3316,0.069,ns,T8
FRK2,0.4455,0.11,ns,T8
FRL0,0.3768,0.176,ns,T8
FRM0,-0.0,0.001,LL,T8
FRY1,-0.0,0.001,LL,T8
FRY2,0.0,0.001,HL,T8
FRY3,-0.0,0.001,LL,T8
FRY4,0.0,0.001,HL,T8
FRY5,0.0,0.001,HL,T8
HR03,1.5626,0.083,ns,T8
HR02,2.4791,0.007,LL,T8
HU11,-0.0815,0.232,ns,T8
HU12,0.6302,0.016,LL,T8
HU21,1.0781,0.019,LL,T8
HU22,0.9199,0.01,LL,T8
ITF6,0.0708,0.351,ns,T8
ITG1,-0.0,0.001,LL,T8
EL61,3.0843,0.001,LL,T8
EL62,-0.0,0.001,LL,T8
EL63,3.354,0.003,LL,T8
EL64,2.4047,0.014,LL,T8
EL65,2.0611,0.059,ns,T8
ES11,0.0044,0.469,ns,T8
ES12,0.0733,0.366,ns,T8
ES13,0.1302,0.261,ns,T8
ES21,0.3048,0.181,ns,T8
ES22,0.2749,0.166,ns,T8
ES23,0.089,0.204,ns,T8
ES24,0.163,0.073,ns,T8
ES30,0.0673,0.484,ns,T8
ES41,0.0237,0.397,ns,T8
ES42,-0.008,0.318,ns,T8
ES43,0.0338,0.203,ns,T8
SE12,1.8095,0.001,HH,T8
SE21,1.3873,0.002,HH,T8
SE22,1.8317,0.036,HH,T8
SE23,1.5373,0.002,HH,T8
SE31,0.9849,0.009,HH,T8
HU23,1.6427,0.005,LL,T8
HU31,1.6118,0.006,LL,T8
HU32,1.6318,0.002,LL,T8
HU33,1.677,0.001,LL,T8
IE04,0.1223,0.306,ns,T8
IE05,0.1251,0.319,ns,T8
IE06,0.0452,0.255,ns,T8
ITC1,0.1731,0.066,ns,T8
ITC2,0.0599,0.178,ns,T8
ITC3,0.1304,0.113,ns,T8
ITC4,0.2102,0.155,ns,T8
ITF1,0.0103,0.45,ns,T8
ITF2,0.0002,0.461,ns,T8
ITF3,0.0114,0.424,ns,T8
ITF4,0.0501,0.341,ns,T8
ITF5,0.0541,0.291,ns,T8
ES53,0.0,0.001,HL,T8
ES61,-0.0031,0.183,ns,T8
ES62,0.0029,0.492,ns,T8
ES63,-0.0,0.001,LL,T8
ES64,0.0,0.001,HL,T8
ES70,0.0,0.001,HL,T8
FI19,1.741,0.026,HH,T8
FI1B,2.5321,0.093,ns,T8
FI1C,1.9247,0.002,HH,T8
FI1D,1.3554,0.007,HH,T8
FI20,0.0,0.001,HL,T8
FR10,0.7677,0.202,ns,T8
PL71,0.0078,0.321,ns,T8
PL72,0.021,0.407,ns,T8
PL81,0.0281,0.304,ns,T8
PL82,0.0683,0.192,ns,T8
PL84,0.0873,0.192,ns,T8
PL91,-0.2853,0.31,ns,T8
PL92,0.0094,0.45,ns,T8
PT11,0.0948,0.33,ns,T8
PT15,0.5289,0.212,ns,T8
PT16,0.472,0.167,ns,T8
PT17,0.8863,0.068,ns,T8
PT18,0.6495,0.111,ns,T8
PT20,-0.0,0.001,LL,T8
PT30,-0.0,0.001,LL,T8
RO11,4.4549,0.001,LL,T8
RO12,5.9007,0.001,LL,T8
RO21,6.5014,0.001,LL,T8
RO22,5.8626,0.001,LL,T8
RO31,5.6388,0.001,LL,T8
RO32,3.9952,0.017,LL,T8
RO41,6.0284,0.001,LL,T8
RO42,4.7569,0.001,LL,T8
SE11,3.0702,0.069,ns,T8
SE32,0.6812,0.114,ns,T8
SE33,0.7949,0.071,ns,T8
SI03,0.4433,0.01,LL,T8
SI04,0.0606,0.187,ns,T8
SK01,0.3055,0.099,ns,T8
SK02,0.9946,0.026,LL,T8
SK03,0.9878,0.042,LL,T8
SK04,1.2296,0.049,LL,T8
NL12,0.1747,0.112,ns,T8
NL13,0.1823,0.146,ns,T8
NL21,0.3311,0.078,ns,T8
NL22,0.4471,0.011,HH,T8
NL23,0.3219,0.101,ns,T8
NL31,0.3737,0.095,ns,T8
NL32,0.3964,0.157,ns,T8
NL33,0.4154,0.051,ns,T8
NL34,0.1244,0.21,ns,T8
NL41,0.4043,0.212,ns,T8
NL42,0.3786,0.048,HH,T8
PL21,-0.0659,0.075,ns,T8
PL22,0.0035,0.199,ns,T8
PL41,0.0149,0.4,ns,T8
PL42,-0.0199,0.349,ns,T8
PL43,-0.098,0.257,ns,T8
PL51,-0.012,0.426,ns,T8
PL52,0.0316,0.373,ns,T8
PL61,0.0336,0.376,ns,T8
PL62,0.1148,0.237,ns,T8
PL63,-0.0317,0.315,ns,T8
HR05,1.6585,0.107,ns,T8
HR06,1.8735,0.011,LL,T8
