,gate_T1_broadband_readiness,gate_T1_broadband_readiness_hs,gate_T1_broadband_readiness_thr,gate_T1_broadband_readiness_val,gate_T1_talent_base,gate_T1_talent_base_hs,gate_T1_talent_base_thr,gate_T1_talent_base_val,gate_T2_university_rd_base,gate_T2_university_rd_base_hs,gate_T2_university_rd_base_thr,gate_T2_university_rd_base_val,gate_T2_talent_base,gate_T2_talent_base_hs,gate_T2_talent_base_thr,gate_T2_talent_base_val,gate_T3_energy_cost_competitive,gate_T3_energy_cost_competitive_hs,gate_T3_energy_cost_competitive_thr,gate_T3_energy_cost_competitive_val,gate_T3_business_environment,gate_T3_business_environment_hs,gate_T3_business_environment_thr,gate_T3_business_environment_val,gate_T4_renewable_share_minimum,gate_T4_renewable_share_minimum_hs,gate_T4_renewable_share_minimum_thr,gate_T4_renewable_share_minimum_val,gate_T5_energy_cost_cap,gate_T5_energy_cost_cap_hs,gate_T5_energy_cost_cap_thr,gate_T5_energy_cost_cap_val,gate_T5_water_stress_cap,gate_T5_water_stress_cap_hs,gate_T5_water_stress_cap_thr,gate_T5_water_stress_cap_val,gate_T5_grid_capacity_minimum,gate_T5_grid_capacity_minimum_hs,gate_T5_grid_capacity_minimum_thr,gate_T5_grid_capacity_minimum_val,gate_T6_regulatory_eligibility,gate_T6_regulatory_eligibility_hs,gate_T6_regulatory_eligibility_thr,gate_T6_regulatory_eligibility_val,gate_T6_grid_capacity_minimum,gate_T6_grid_capacity_minimum_hs,gate_T6_grid_capacity_minimum_thr,gate_T6_grid_capacity_minimum_val,gate_T7_talent_base,gate_T7_talent_base_hs,gate_T7_talent_base_thr,gate_T7_talent_base_val,gate_T7_business_environment,gate_T7_business_environment_hs,gate_T7_business_environment_thr,gate_T7_business_environment_val,gate_T8_national_quantum_programme,gate_T8_national_quantum_programme_hs,gate_T8_national_quantum_programme_thr,gate_T8_national_quantum_programme_val
AT11,True,False,92.97,94.185,True,False,401.5,533.0,True,False,0.36,0.75,True,False,401.5,533.0,True,False,0.2066,0.1971,True,False,74.45,78.3,True,False,20.0,42.951,True,False,0.2017,0.1971,True,False,0.24,0.08,True,False,4800.0,7200.0,False,True,1.0,0.0,True,False,4800.0,7200.0,True,False,-1.0134,0.3916,True,False,74.45,78.3,True,False,0.0,0.6667
AT12,True,False,92.97,93.215,True,False,401.5,532.0,True,False,0.36,0.75,True,False,401.5,532.0,True,False,0.2066,0.1971,True,False,74.45,78.3,True,False,20.0,42.951,True,False,0.2017,0.1971,True,False,0.24,0.08,True,False,4800.0,7200.0,False,True,1.0,0.0,True,False,4800.0,7200.0,True,False,-1.0134,0.6996,True,False,74.45,78.3,True,False,0.0,0.6667
AT13,True,False,92.97,94.34,True,False,401.5,614.0,True,False,0.36,0.75,True,False,401.5,614.0,True,False,0.2066,0.1971,True,False,74.45,78.3,True,False,20.0,42.951,True,False,0.2017,0.1971,True,False,0.24,0.08,True,False,4800.0,7200.0,False,True,1.0,0.0,True,False,4800.0,7200.0,True,False,-1.0134,1.2977,True,False,74.45,78.3,True,False,0.0,0.6667
AT21,True,False,92.97,93.245,True,False,401.5,511.0,True,False,0.36,0.75,True,False,401.5,511.0,True,False,0.2066,0.1971,True,False,74.45,78.3,True,False,20.0,42.951,True,False,0.2017,0.1971,True,False,0.24,0.08,True,False,4800.0,7200.0,False,True,1.0,0.0,True,False,4800.0,7200.0,True,False,-1.0134,0.3987,True,False,74.45,78.3,True,False,0.0,0.6667
AT22,False,False,92.97,92.43,True,False,401.5,512.0,True,False,0.36,0.75,True,False,401.5,512.0,True,False,0.2066,0.1971,True,False,74.45,78.3,True,False,20.0,42.951,True,False,0.2017,0.1971,True,False,0.24,0.08,True,False,4800.0,7200.0,False,True,1.0,0.0,True,False,4800.0,7200.0,True,False,-1.0134,0.3948,True,False,74.45,78.3,True,False,0.0,0.6667
AT31,False,False,92.97,92.955,True,False,401.5,509.0,True,False,0.36,0.75,True,False,401.5,509.0,True,False,0.2066,0.1971,True,False,74.45,78.3,True,False,20.0,42.951,True,False,0.2017,0.1971,True,False,0.24,0.08,True,False,4800.0,7200.0,False,True,1.0,0.0,True,False,4800.0,7200.0,True,False,-1.0134,0.526,True,False,74.45,78.3,True,False,0.0,0.6667
AT32,True,False,92.97,93.91,True,False,401.5,506.0,True,False,0.36,0.75,True,False,401.5,506.0,True,False,0.2066,0.1971,True,False,74.45,78.3,True,False,20.0,42.951,True,False,0.2017,0.1971,True,False,0.24,0.08,True,False,4800.0,7200.0,False,True,1.0,0.0,True,False,4800.0,7200.0,True,False,-1.0134,0.6374,True,False,74.45,78.3,True,False,0.0,0.6667
AT33,False,False,92.97,92.22,True,False,401.5,484.0,True,False,0.36,0.75,True,False,401.5,484.0,True,False,0.2066,0.1971,True,False,74.45,78.3,True,False,20.0,42.951,True,False,0.2017,0.1971,True,False,0.24,0.08,True,False,4800.0,7200.0,False,True,1.0,0.0,True,False,4800.0,7200.0,True,False,-1.0134,0.328,True,False,74.45,78.3,True,False,0.0,0.6667
AT34,True,False,92.97,95.135,True,False,401.5,490.0,True,False,0.36,0.75,True,False,401.5,490.0,True,False,0.2066,0.1971,True,False,74.45,78.3,True,False,20.0,42.951,True,False,0.2017,0.1971,True,False,0.24,0.08,True,False,4800.0,7200.0,False,True,1.0,0.0,True,False,4800.0,7200.0,True,False,-1.0134,0.2343,True,False,74.45,78.3,True,False,0.0,0.6667
BE10,True,False,92.97,96.5,True,False,401.5,678.0,True,False,0.36,0.58,True,False,401.5,678.0,True,False,0.2066,0.1714,False,False,74.45,74.3,False,False,20.0,14.336,True,False,0.2017,0.1714,False,False,0.24,0.25,True,False,4800.0,6500.0,True,True,1.0,1.0,True,False,4800.0,6500.0,True,False,-1.0134,1.7735,False,False,74.45,74.3,True,False,0.0,0.6667
BE21,True,False,92.97,96.36,True,False,401.5,581.0,True,False,0.36,0.58,True,False,401.5,581.0,True,False,0.2066,0.1714,False,False,74.45,74.3,False,False,20.0,14.336,True,False,0.2017,0.1714,False,False,0.24,0.25,True,False,4800.0,6500.0,True,True,1.0,1.0,True,False,4800.0,6500.0,True,False,-1.0134,1.362,False,False,74.45,74.3,True,False,0.0,0.6667
BE22,True,False,92.97,96.465,True,False,401.5,535.0,True,False,0.36,0.58,True,False,401.5,535.0,True,False,0.2066,0.1714,False,False,74.45,74.3,False,False,20.0,14.336,True,False,0.2017,0.1714,False,False,0.24,0.25,True,False,4800.0,6500.0,True,True,1.0,1.0,True,False,4800.0,6500.0,True,False,-1.0134,0.6394,False,False,74.45,74.3,True,False,0.0,0.6667
BE23,True,False,92.97,96.27,True,False,401.5,579.0,True,False,0.36,0.58,True,False,401.5,579.0,True,False,0.2066,0.1714,False,False,74.45,74.3,False,False,20.0,14.336,True,False,0.2017,0.1714,False,False,0.24,0.25,True,False,4800.0,6500.0,True,True,1.0,1.0,True,False,4800.0,6500.0,True,False,-1.0134,1.5631,False,False,74.45,74.3,True,False,0.0,0.6667
BE24,True,False,92.97,98.055,True,False,401.5,665.0,True,False,0.36,0.58,True,False,401.5,665.0,True,False,0.2066,0.1714,False,False,74.45,74.3,False,False,20.0,14.336,True,False,0.2017,0.1714,False,False,0.24,0.25,True,False,4800.0,6500.0,True,True,1.0,1.0,True,False,4800.0,6500.0,True,False,-1.0134,2.3812,False,False,74.45,74.3,True,False,0.0,0.6667
BE25,True,False,92.97,96.42,True,False,401.5,523.0,True,False,0.36,0.58,True,False,401.5,523.0,True,False,0.2066,0.1714,False,False,74.45,74.3,False,False,20.0,14.336,True,False,0.2017,0.1714,False,False,0.24,0.25,True,False,4800.0,6500.0,True,True,1.0,1.0,True,False,4800.0,6500.0,True,False,-1.0134,0.8733,False,False,74.45,74.3,True,False,0.0,0.6667
BE31,True,False,92.97,97.905,True,False,401.5,739.0,True,False,0.36,0.58,True,False,401.5,739.0,True,False,0.2066,0.1714,False,False,74.45,74.3,False,False,20.0,14.336,True,False,0.2017,0.1714,False,False,0.24,0.25,True,False,4800.0,6500.0,True,True,1.0,1.0,True,False,4800.0,6500.0,True,False,-1.0134,3.2175,False,False,74.45,74.3,True,False,0.0,0.6667
BE32,True,False,92.97,94.085,True,False,401.5,524.0,True,False,0.36,0.58,True,False,401.5,524.0,True,False,0.2066,0.1714,False,False,74.45,74.3,False,False,20.0,14.336,True,False,0.2017,0.1714,False,False,0.24,0.25,True,False,4800.0,6500.0,True,True,1.0,1.0,True,False,4800.0,6500.0,True,False,-1.0134,-0.2886,False,False,74.45,74.3,True,False,0.0,0.6667
BE33,True,False,92.97,95.6,True,False,401.5,559.0,True,False,0.36,0.58,True,False,401.5,559.0,True,False,0.2066,0.1714,False,False,74.45,74.3,False,False,20.0,14.336,True,False,0.2017,0.1714,False,False,0.24,0.25,True,False,4800.0,6500.0,True,True,1.0,1.0,True,False,4800.0,6500.0,True,False,-1.0134,0.2697,False,False,74.45,74.3,True,False,0.0,0.6667
BE34,True,False,92.97,93.35,True,False,401.5,541.0,True,False,0.36,0.58,True,False,401.5,541.0,True,False,0.2066,0.1714,False,False,74.45,74.3,False,False,20.0,14.336,True,False,0.2017,0.1714,False,False,0.24,0.25,True,False,4800.0,6500.0,True,True,1.0,1.0,True,False,4800.0,6500.0,True,False,-1.0134,0.6805,False,False,74.45,74.3,True,False,0.0,0.6667
BE35,False,False,92.97,92.59,True,False,401.5,577.0,True,False,0.36,0.58,True,False,401.5,577.0,True,False,0.2066,0.1714,False,False,74.45,74.3,False,False,20.0,14.336,True,False,0.2017,0.1714,False,False,0.24,0.25,True,False,4800.0,6500.0,True,True,1.0,1.0,True,False,4800.0,6500.0,True,False,-1.0134,0.8355,False,False,74.45,74.3,True,False,0.0,0.6667
BG31,False,False,92.97,86.75,False,False,401.5,362.0,False,False,0.36,0.06,False,False,401.5,362.0,True,False,0.2066,0.1485,False,False,74.45,72.0,True,False,20.0,23.21,True,False,0.2017,0.1485,False,False,0.24,0.28,False,False,4800.0,3100.0,True,True,1.0,1.0,False,False,4800.0,3100.0,False,False,-1.0134,-1.5225,False,False,74.45,72.0,False,False,0.0,0.0
BG32,False,False,92.97,91.335,False,False,401.5,399.0,False,False,0.36,0.06,False,False,401.5,399.0,True,False,0.2066,0.1485,False,False,74.45,72.0,True,False,20.0,23.21,True,False,0.2017,0.1485,False,False,0.24,0.28,False,False,4800.0,3100.0,True,True,1.0,1.0,False,False,4800.0,3100.0,True,False,-1.0134,-0.8779,False,False,74.45,72.0,False,False,0.0,0.0
BG33,False,False,92.97,92.615,True,False,401.5,465.0,False,False,0.36,0.06,True,False,401.5,465.0,True,False,0.2066,0.1485,False,False,74.45,72.0,True,False,20.0,23.21,True,False,0.2017,0.1485,False,False,0.24,0.28,False,False,4800.0,3100.0,True,True,1.0,1.0,False,False,4800.0,3100.0,True,False,-1.0134,0.2032,False,False,74.45,72.0,False,False,0.0,0.0
BG34,False,False,92.97,90.865,True,False,401.5,430.0,False,False,0.36,0.06,True,False,401.5,430.0,True,False,0.2066,0.1485,False,False,74.45,72.0,True,False,20.0,23.21,True,False,0.2017,0.1485,False,False,0.24,0.28,False,False,4800.0,3100.0,True,True,1.0,1.0,False,False,4800.0,3100.0,True,False,-1.0134,-0.6979,False,False,74.45,72.0,False,False,0.0,0.0
BG41,True,False,92.97,93.115,True,False,401.5,537.0,False,False,0.36,0.06,True,False,401.5,537.0,True,False,0.2066,0.1485,False,False,74.45,72.0,True,False,20.0,23.21,True,False,0.2017,0.1485,False,False,0.24,0.28,False,False,4800.0,3100.0,True,True,1.0,1.0,False,False,4800.0,3100.0,True,False,-1.0134,1.1338,False,False,74.45,72.0,False,False,0.0,0.0
BG42,False,False,92.97,92.765,False,False,401.5,397.0,False,False,0.36,0.06,False,False,401.5,397.0,True,False,0.2066,0.1485,False,False,74.45,72.0,True,False,20.0,23.21,True,False,0.2017,0.1485,False,False,0.24,0.28,False,False,4800.0,3100.0,True,True,1.0,1.0,False,False,4800.0,3100.0,False,False,-1.0134,-1.0918,False,False,74.45,72.0,False,False,0.0,0.0
CY00,True,False,92.97,96.705,True,False,401.5,572.0,False,False,0.36,0.22,True,False,401.5,572.0,True,False,0.2066,0.1976,False,False,74.45,73.1,True,False,20.0,20.844,True,False,0.2017,0.1976,False,False,0.24,0.52,False,False,4800.0,0.0,False,True,1.0,0.0,False,False,4800.0,0.0,True,False,-1.0134,1.9096,False,False,74.45,73.1,False,False,0.0,0.0
CZ01,True,False,92.97,97.08,True,False,401.5,711.0,False,False,0.36,0.35,True,False,401.5,711.0,False,False,0.2066,0.213,True,False,74.45,76.3,False,False,20.0,19.211,False,False,0.2017,0.213,True,False,0.24,0.18,True,False,4800.0,5200.0,True,True,1.0,1.0,True,False,4800.0,5200.0,True,False,-1.0134,3.0913,True,False,74.45,76.3,True,False,0.0,0.6667
CZ02,True,False,92.97,94.655,True,False,401.5,444.0,False,False,0.36,0.35,True,False,401.5,444.0,False,False,0.2066,0.213,True,False,74.45,76.3,False,False,20.0,19.211,False,False,0.2017,0.213,True,False,0.24,0.18,True,False,4800.0,5200.0,True,True,1.0,1.0,True,False,4800.0,5200.0,True,False,-1.0134,-0.4219,True,False,74.45,76.3,True,False,0.0,0.6667
CZ03,True,False,92.97,96.11,False,False,401.5,391.0,False,False,0.36,0.35,False,False,401.5,391.0,False,False,0.2066,0.213,True,False,74.45,76.3,False,False,20.0,19.211,False,False,0.2017,0.213,True,False,0.24,0.18,True,False,4800.0,5200.0,True,True,1.0,1.0,True,False,4800.0,5200.0,True,False,-1.0134,-0.918,True,False,74.45,76.3,True,False,0.0,0.6667
CZ04,True,False,92.97,93.015,False,False,401.5,312.0,False,False,0.36,0.35,False,False,401.5,312.0,False,False,0.2066,0.213,True,False,74.45,76.3,False,False,20.0,19.211,False,False,0.2017,0.213,True,False,0.24,0.18,True,False,4800.0,5200.0,True,True,1.0,1.0,True,False,4800.0,5200.0,False,False,-1.0134,-2.0876,True,False,74.45,76.3,True,False,0.0,0.6667
CZ05,True,False,92.97,93.66,False,False,401.5,377.0,False,False,0.36,0.35,False,False,401.5,377.0,False,False,0.2066,0.213,True,False,74.45,76.3,False,False,20.0,19.211,False,False,0.2017,0.213,True,False,0.24,0.18,True,False,4800.0,5200.0,True,True,1.0,1.0,True,False,4800.0,5200.0,False,False,-1.0134,-1.1321,True,False,74.45,76.3,True,False,0.0,0.6667
CZ06,True,False,92.97,94.055,True,False,401.5,444.0,False,False,0.36,0.35,True,False,401.5,444.0,False,False,0.2066,0.213,True,False,74.45,76.3,False,False,20.0,19.211,False,False,0.2017,0.213,True,False,0.24,0.18,True,False,4800.0,5200.0,True,True,1.0,1.0,True,False,4800.0,5200.0,True,False,-1.0134,-0.2186,True,False,74.45,76.3,True,False,0.0,0.6667
CZ07,True,False,92.97,93.97,False,False,401.5,398.0,False,False,0.36,0.35,False,False,401.5,398.0,False,False,0.2066,0.213,True,False,74.45,76.3,False,False,20.0,19.211,False,False,0.2017,0.213,True,False,0.24,0.18,True,False,4800.0,5200.0,True,True,1.0,1.0,True,False,4800.0,5200.0,True,False,-1.0134,-0.8685,True,False,74.45,76.3,True,False,0.0,0.6667
CZ08,True,False,92.97,94.4,True,False,401.5,403.0,False,False,0.36,0.35,True,False,401.5,403.0,False,False,0.2066,0.213,True,False,74.45,76.3,False,False,20.0,19.211,False,False,0.2017,0.213,True,False,0.24,0.18,True,False,4800.0,5200.0,True,True,1.0,1.0,True,False,4800.0,5200.0,True,False,-1.0134,-0.9155,True,False,74.45,76.3,True,False,0.0,0.6667
DE11,True,False,92.97,93.915,True,False,401.5,526.0,True,False,0.36,0.55,True,False,401.5,526.0,False,False,0.2066,0.2106,True,False,74.45,79.7,True,False,20.0,22.474,False,False,0.2017,0.2106,True,False,0.24,0.13,True,False,4800.0,20000.0,False,True,1.0,0.0,True,False,4800.0,20000.0,True,False,-1.0134,0.9595,True,False,74.45,79.7,True,False,0.0,1.0
DE12,True,False,92.97,93.915,True,False,401.5,544.0,True,False,0.36,0.55,True,False,401.5,544.0,False,False,0.2066,0.2106,True,False,74.45,79.7,True,False,20.0,22.474,False,False,0.2017,0.2106,True,False,0.24,0.13,True,False,4800.0,20000.0,False,True,1.0,0.0,True,False,4800.0,20000.0,True,False,-1.0134,1.1312,True,False,74.45,79.7,True,False,0.0,1.0
DE13,True,False,92.97,93.915,True,False,401.5,524.0,True,False,0.36,0.55,True,False,401.5,524.0,False,False,0.2066,0.2106,True,False,74.45,79.7,True,False,20.0,22.474,False,False,0.2017,0.2106,True,False,0.24,0.13,True,False,4800.0,20000.0,False,True,1.0,0.0,True,False,4800.0,20000.0,True,False,-1.0134,0.9293,True,False,74.45,79.7,True,False,0.0,1.0
DE14,True,False,92.97,93.915,True,False,401.5,538.0,True,False,0.36,0.55,True,False,401.5,538.0,False,False,0.2066,0.2106,True,False,74.45,79.7,True,False,20.0,22.474,False,False,0.2017,0.2106,True,False,0.24,0.13,True,False,4800.0,20000.0,False,True,1.0,0.0,True,False,4800.0,20000.0,True,False,-1.0134,1.2426,True,False,74.45,79.7,True,False,0.0,1.0
DE21,True,False,92.97,93.915,True,False,401.5,613.0,True,False,0.36,0.55,True,False,401.5,613.0,False,False,0.2066,0.2106,True,False,74.45,79.7,True,False,20.0,22.474,False,False,0.2017,0.2106,True,False,0.24,0.13,True,False,4800.0,20000.0,False,True,1.0,0.0,True,False,4800.0,20000.0,True,False,-1.0134,2.1659,True,False,74.45,79.7,True,False,0.0,1.0
DE22,True,False,92.97,93.915,True,False,401.5,452.0,True,False,0.36,0.55,True,False,401.5,452.0,False,False,0.2066,0.2106,True,False,74.45,79.7,True,False,20.0,22.474,False,False,0.2017,0.2106,True,False,0.24,0.13,True,False,4800.0,20000.0,False,True,1.0,0.0,True,False,4800.0,20000.0,True,False,-1.0134,0.0278,True,False,74.45,79.7,True,False,0.0,1.0
DE23,True,False,92.97,93.915,True,False,401.5,479.0,True,False,0.36,0.55,True,False,401.5,479.0,False,False,0.2066,0.2106,True,False,74.45,79.7,True,False,20.0,22.474,False,False,0.2017,0.2106,True,False,0.24,0.13,True,False,4800.0,20000.0,False,True,1.0,0.0,True,False,4800.0,20000.0,True,False,-1.0134,0.4159,True,False,74.45,79.7,True,False,0.0,1.0
DE24,True,False,92.97,93.915,True,False,401.5,493.0,True,False,0.36,0.55,True,False,401.5,493.0,False,False,0.2066,0.2106,True,False,74.45,79.7,True,False,20.0,22.474,False,False,0.2017,0.2106,True,False,0.24,0.13,True,False,4800.0,20000.0,False,True,1.0,0.0,True,False,4800.0,20000.0,True,False,-1.0134,0.4044,True,False,74.45,79.7,True,False,0.0,1.0
DE25,True,False,92.97,93.915,True,False,401.5,534.0,True,False,0.36,0.55,True,False,401.5,534.0,False,False,0.2066,0.2106,True,False,74.45,79.7,True,False,20.0,22.474,False,False,0.2017,0.2106,True,False,0.24,0.13,True,False,4800.0,20000.0,False,True,1.0,0.0,True,False,4800.0,20000.0,True,False,-1.0134,1.0516,True,False,74.45,79.7,True,False,0.0,1.0
DE26,True,False,92.97,93.915,True,False,401.5,498.0,True,False,0.36,0.55,True,False,401.5,498.0,False,False,0.2066,0.2106,True,False,74.45,79.7,True,False,20.0,22.474,False,False,0.2017,0.2106,True,False,0.24,0.13,True,False,4800.0,20000.0,False,True,1.0,0.0,True,False,4800.0,20000.0,True,False,-1.0134,0.5886,True,False,74.45,79.7,True,False,0.0,1.0
DE27,True,False,92.97,93.915,True,False,401.5,502.0,True,False,0.36,0.55,True,False,401.5,502.0,False,False,0.2066,0.2106,True,False,74.45,79.7,True,False,20.0,22.474,False,False,0.2017,0.2106,True,False,0.24,0.13,True,False,4800.0,20000.0,False,True,1.0,0.0,True,False,4800.0,20000.0,True,False,-1.0134,0.6744,True,False,74.45,79.7,True,False,0.0,1.0
DE30,True,False,92.97,93.915,True,False,401.5,640.0,True,False,0.36,0.55,True,False,401.5,640.0,False,False,0.2066,0.2106,True,False,74.45,79.7,True,False,20.0,22.474,False,False,0.2017,0.2106,True,False,0.24,0.13,True,False,4800.0,20000.0,False,True,1.0,0.0,True,False,4800.0,20000.0,True,False,-1.0134,1.8507,True,False,74.45,79.7,True,False,0.0,1.0
DE40,True,False,92.97,93.915,True,False,401.5,511.0,True,False,0.36,0.55,True,False,401.5,511.0,False,False,0.2066,0.2106,True,False,74.45,79.7,True,False,20.0,22.474,False,False,0.2017,0.2106,True,False,0.24,0.13,True,False,4800.0,20000.0,False,True,1.0,0.0,True,False,4800.0,20000.0,True,False,-1.0134,0.3624,True,False,74.45,79.7,True,False,0.0,1.0
DE50,True,False,92.97,93.915,True,False,401.5,517.0,True,False,0.36,0.55,True,False,401.5,517.0,False,False,0.2066,0.2106,True,False,74.45,79.7,True,False,20.0,22.474,False,False,0.2017,0.2106,True,False,0.24,0.13,True,False,4800.0,20000.0,False,True,1.0,0.0,True,False,4800.0,20000.0,True,False,-1.0134,0.0764,True,False,74.45,79.7,True,False,0.0,1.0
DE60,True,False,92.97,93.915,True,False,401.5,621.0,True,False,0.36,0.55,True,False,401.5,621.0,False,False,0.2066,0.2106,True,False,74.45,79.7,True,False,20.0,22.474,False,False,0.2017,0.2106,True,False,0.24,0.13,True,False,4800.0,20000.0,False,True,1.0,0.0,True,False,4800.0,20000.0,True,False,-1.0134,1.5513,True,False,74.45,79.7,True,False,0.0,1.0
DE71,True,False,92.97,93.915,True,False,401.5,556.0,True,False,0.36,0.55,True,False,401.5,556.0,False,False,0.2066,0.2106,True,False,74.45,79.7,True,False,20.0,22.474,False,False,0.2017,0.2106,True,False,0.24,0.13,True,False,4800.0,20000.0,False,True,1.0,0.0,True,False,4800.0,20000.0,True,False,-1.0134,0.9107,True,False,74.45,79.7,True,False,0.0,1.0
DE72,True,False,92.97,93.915,True,False,401.5,515.0,True,False,0.36,0.55,True,False,401.5,515.0,False,False,0.2066,0.2106,True,False,74.45,79.7,True,False,20.0,22.474,False,False,0.2017,0.2106,True,False,0.24,0.13,True,False,4800.0,20000.0,False,True,1.0,0.0,True,False,4800.0,20000.0,True,False,-1.0134,0.3815,True,False,74.45,79.7,True,False,0.0,1.0
DE73,True,False,92.97,93.915,True,False,401.5,486.0,True,False,0.36,0.55,True,False,401.5,486.0,False,False,0.2066,0.2106,True,False,74.45,79.7,True,False,20.0,22.474,False,False,0.2017,0.2106,True,False,0.24,0.13,True,False,4800.0,20000.0,False,True,1.0,0.0,True,False,4800.0,20000.0,True,False,-1.0134,0.1635,True,False,74.45,79.7,True,False,0.0,1.0
DE80,True,False,92.97,93.915,True,False,401.5,467.0,True,False,0.36,0.55,True,False,401.5,467.0,False,False,0.2066,0.2106,True,False,74.45,79.7,True,False,20.0,22.474,False,False,0.2017,0.2106,True,False,0.24,0.13,True,False,4800.0,20000.0,False,True,1.0,0.0,True,False,4800.0,20000.0,True,False,-1.0134,-0.1942,True,False,74.45,79.7,True,False,0.0,1.0
DE91,True,False,92.97,93.915,True,False,401.5,531.0,True,False,0.36,0.55,True,False,401.5,531.0,False,False,0.2066,0.2106,True,False,74.45,79.7,True,False,20.0,22.474,False,False,0.2017,0.2106,True,False,0.24,0.13,True,False,4800.0,20000.0,False,True,1.0,0.0,True,False,4800.0,20000.0,True,False,-1.0134,0.5879,True,False,74.45,79.7,True,False,0.0,1.0
DE92,True,False,92.97,93.915,True,False,401.5,527.0,True,False,0.36,0.55,True,False,401.5,527.0,False,False,0.2066,0.2106,True,False,74.45,79.7,True,False,20.0,22.474,False,False,0.2017,0.2106,True,False,0.24,0.13,True,False,4800.0,20000.0,False,True,1.0,0.0,True,False,4800.0,20000.0,True,False,-1.0134,0.5855,True,False,74.45,79.7,True,False,0.0,1.0
DE93,True,False,92.97,93.915,True,False,401.5,499.0,True,False,0.36,0.55,True,False,401.5,499.0,False,False,0.2066,0.2106,True,False,74.45,79.7,True,False,20.0,22.474,False,False,0.2017,0.2106,True,False,0.24,0.13,True,False,4800.0,20000.0,False,True,1.0,0.0,True,False,4800.0,20000.0,True,False,-1.0134,0.2869,True,False,74.45,79.7,True,False,0.0,1.0
DE94,True,False,92.97,93.915,True,False,401.5,479.0,True,False,0.36,0.55,True,False,401.5,479.0,False,False,0.2066,0.2106,True,False,74.45,79.7,True,False,20.0,22.474,False,False,0.2017,0.2106,True,False,0.24,0.13,True,False,4800.0,20000.0,False,True,1.0,0.0,True,False,4800.0,20000.0,True,False,-1.0134,0.2267,True,False,74.45,79.7,True,False,0.0,1.0
DEA1,True,False,92.97,93.915,True,False,401.5,515.0,True,False,0.36,0.55,True,False,401.5,515.0,False,False,0.2066,0.2106,True,False,74.45,79.7,True,False,20.0,22.474,False,False,0.2017,0.2106,True,False,0.24,0.13,True,False,4800.0,20000.0,False,True,1.0,0.0,True,False,4800.0,20000.0,True,False,-1.0134,0.1304,True,False,74.45,79.7,True,False,0.0,1.0
DEA2,True,False,92.97,93.915,True,False,401.5,574.0,True,False,0.36,0.55,True,False,401.5,574.0,False,False,0.2066,0.2106,True,False,74.45,79.7,True,False,20.0,22.474,False,False,0.2017,0.2106,True,False,0.24,0.13,True,False,4800.0,20000.0,False,True,1.0,0.0,True,False,4800.0,20000.0,True,False,-1.0134,1.0781,True,False,74.45,79.7,True,False,0.0,1.0
DEA3,True,False,92.97,93.915,True,False,401.5,499.0,True,False,0.36,0.55,True,False,401.5,499.0,False,False,0.2066,0.2106,True,False,74.45,79.7,True,False,20.0,22.474,False,False,0.2017,0.2106,True,False,0.24,0.13,True,False,4800.0,20000.0,False,True,1.0,0.0,True,False,4800.0,20000.0,True,False,-1.0134,0.1331,True,False,74.45,79.7,True,False,0.0,1.0
DEA4,True,False,92.97,93.915,True,False,401.5,485.0,True,False,0.36,0.55,True,False,401.5,485.0,False,False,0.2066,0.2106,True,False,74.45,79.7,True,False,20.0,22.474,False,False,0.2017,0.2106,True,False,0.24,0.13,True,False,4800.0,20000.0,False,True,1.0,0.0,True,False,4800.0,20000.0,True,False,-1.0134,0.1447,True,False,74.45,79.7,True,False,0.0,1.0
DEA5,True,False,92.97,93.915,True,False,401.5,470.0,True,False,0.36,0.55,True,False,401.5,470.0,False,False,0.2066,0.2106,True,False,74.45,79.7,True,False,20.0,22.474,False,False,0.2017,0.2106,True,False,0.24,0.13,True,False,4800.0,20000.0,False,True,1.0,0.0,True,False,4800.0,20000.0,True,False,-1.0134,-0.3836,True,False,74.45,79.7,True,False,0.0,1.0
DEB1,True,False,92.97,93.915,True,False,401.5,458.0,True,False,0.36,0.55,True,False,401.5,458.0,False,False,0.2066,0.2106,True,False,74.45,79.7,True,False,20.0,22.474,False,False,0.2017,0.2106,True,False,0.24,0.13,True,False,4800.0,20000.0,False,True,1.0,0.0,True,False,4800.0,20000.0,True,False,-1.0134,-0.036,True,False,74.45,79.7,True,False,0.0,1.0
DEB2,True,False,92.97,93.915,True,False,401.5,475.0,True,False,0.36,0.55,True,False,401.5,475.0,False,False,0.2066,0.2106,True,False,74.45,79.7,True,False,20.0,22.474,False,False,0.2017,0.2106,True,False,0.24,0.13,True,False,4800.0,20000.0,False,True,1.0,0.0,True,False,4800.0,20000.0,True,False,-1.0134,0.3191,True,False,74.45,79.7,True,False,0.0,1.0
DEB3,True,False,92.97,93.915,True,False,401.5,534.0,True,False,0.36,0.55,True,False,401.5,534.0,False,False,0.2066,0.2106,True,False,74.45,79.7,True,False,20.0,22.474,False,False,0.2017,0.2106,True,False,0.24,0.13,True,False,4800.0,20000.0,False,True,1.0,0.0,True,False,4800.0,20000.0,True,False,-1.0134,0.8382,True,False,74.45,79.7,True,False,0.0,1.0
DEC0,True,False,92.97,93.915,True,False,401.5,474.0,True,False,0.36,0.55,True,False,401.5,474.0,False,False,0.2066,0.2106,True,False,74.45,79.7,True,False,20.0,22.474,False,False,0.2017,0.2106,True,False,0.24,0.13,True,False,4800.0,20000.0,False,True,1.0,0.0,True,False,4800.0,20000.0,True,False,-1.0134,-0.2573,True,False,74.45,79.7,True,False,0.0,1.0
DED2,True,False,92.97,93.915,True,False,401.5,523.0,True,False,0.36,0.55,True,False,401.5,523.0,False,False,0.2066,0.2106,True,False,74.45,79.7,True,False,20.0,22.474,False,False,0.2017,0.2106,True,False,0.24,0.13,True,False,4800.0,20000.0,False,True,1.0,0.0,True,False,4800.0,20000.0,True,False,-1.0134,0.882,True,False,74.45,79.7,True,False,0.0,1.0
DED4,True,False,92.97,93.915,True,False,401.5,458.0,True,False,0.36,0.55,True,False,401.5,458.0,False,False,0.2066,0.2106,True,False,74.45,79.7,True,False,20.0,22.474,False,False,0.2017,0.2106,True,False,0.24,0.13,True,False,4800.0,20000.0,False,True,1.0,0.0,True,False,4800.0,20000.0,True,False,-1.0134,-0.151,True,False,74.45,79.7,True,False,0.0,1.0
DED5,True,False,92.97,93.915,True,False,401.5,549.0,True,False,0.36,0.55,True,False,401.5,549.0,False,False,0.2066,0.2106,True,False,74.45,79.7,True,False,20.0,22.474,False,False,0.2017,0.2106,True,False,0.24,0.13,True,False,4800.0,20000.0,False,True,1.0,0.0,True,False,4800.0,20000.0,True,False,-1.0134,1.0134,True,False,74.45,79.7,True,False,0.0,1.0
DEE0,True,False,92.97,93.915,True,False,401.5,446.0,True,False,0.36,0.55,True,False,401.5,446.0,False,False,0.2066,0.2106,True,False,74.45,79.7,True,False,20.0,22.474,False,False,0.2017,0.2106,True,False,0.24,0.13,True,False,4800.0,20000.0,False,True,1.0,0.0,True,False,4800.0,20000.0,True,False,-1.0134,-0.5697,True,False,74.45,79.7,True,False,0.0,1.0
DEF0,True,False,92.97,93.915,True,False,401.5,497.0,True,False,0.36,0.55,True,False,401.5,497.0,False,False,0.2066,0.2106,True,False,74.45,79.7,True,False,20.0,22.474,False,False,0.2017,0.2106,True,False,0.24,0.13,True,False,4800.0,20000.0,False,True,1.0,0.0,True,False,4800.0,20000.0,True,False,-1.0134,0.2738,True,False,74.45,79.7,True,False,0.0,1.0
DEG0,True,False,92.97,93.915,True,False,401.5,479.0,True,False,0.36,0.55,True,False,401.5,479.0,False,False,0.2066,0.2106,True,False,74.45,79.7,True,False,20.0,22.474,False,False,0.2017,0.2106,True,False,0.24,0.13,True,False,4800.0,20000.0,False,True,1.0,0.0,True,False,4800.0,20000.0,True,False,-1.0134,0.0832,True,False,74.45,79.7,True,False,0.0,1.0
DK01,True,False,92.97,95.905,True,False,401.5,652.0,True,False,0.36,1.04,True,False,401.5,652.0,True,False,0.2066,0.2017,True,False,74.45,85.3,True,False,20.0,46.461,True,False,0.2017,0.2017,True,False,0.24,0.12,True,False,4800.0,5800.0,False,True,1.0,0.0,True,False,4800.0,5800.0,True,False,-1.0134,2.9084,True,False,74.45,85.3,True,False,0.0,0.6667
DK02,True,False,92.97,93.83,True,False,401.5,468.0,True,False,0.36,1.04,True,False,401.5,468.0,True,False,0.2066,0.2017,True,False,74.45,85.3,True,False,20.0,46.461,True,False,0.2017,0.2017,True,False,0.24,0.12,True,False,4800.0,5800.0,False,True,1.0,0.0,True,False,4800.0,5800.0,True,False,-1.0134,0.2158,True,False,74.45,85.3,True,False,0.0,0.6667
DK03,False,False,92.97,92.57,True,False,401.5,489.0,True,False,0.36,1.04,True,False,401.5,489.0,True,False,0.2066,0.2017,True,False,74.45,85.3,True,False,20.0,46.461,True,False,0.2017,0.2017,True,False,0.24,0.12,True,False,4800.0,5800.0,False,True,1.0,0.0,True,False,4800.0,5800.0,True,False,-1.0134,0.5476,True,False,74.45,85.3,True,False,0.0,0.6667
DK04,True,False,92.97,94.775,True,False,401.5,517.0,True,False,0.36,1.04,True,False,401.5,517.0,True,False,0.2066,0.2017,True,False,74.45,85.3,True,False,20.0,46.461,True,False,0.2017,0.2017,True,False,0.24,0.12,True,False,4800.0,5800.0,False,True,1.0,0.0,True,False,4800.0,5800.0,True,False,-1.0134,1.0847,True,False,74.45,85.3,True,False,0.0,0.6667
DK05,False,False,92.97,92.3,True,False,401.5,458.0,True,False,0.36,1.04,True,False,401.5,458.0,True,False,0.2066,0.2017,True,False,74.45,85.3,True,False,20.0,46.461,True,False,0.2017,0.2017,True,False,0.24,0.12,True,False,4800.0,5800.0,False,True,1.0,0.0,True,False,4800.0,5800.0,True,False,-1.0134,0.198,True,False,74.45,85.3,True,False,0.0,0.6667
EE00,True,False,92.97,94.92,True,False,401.5,515.0,True,False,0.36,0.62,True,False,401.5,515.0,True,False,0.2066,0.1338,True,False,74.45,80.6,True,False,20.0,42.232,True,False,0.2017,0.1338,True,False,0.24,0.03,False,False,4800.0,1300.0,False,True,1.0,0.0,False,False,4800.0,1300.0,True,False,-1.0134,0.8772,True,False,74.45,80.6,True,False,0.0,0.3333
EL30,True,False,92.97,93.915,True,False,401.5,529.0,True,False,0.36,0.45,True,False,401.5,529.0,True,False,0.2066,0.1993,True,False,74.45,76.5,True,False,20.0,22.474,True,False,0.2017,0.1993,True,False,0.24,0.17,True,False,4800.0,7200.0,False,True,1.0,0.0,True,False,4800.0,7200.0,True,False,-1.0134,0.6386,True,False,74.45,76.5,False,False,0.0,0.0
EL41,True,False,92.97,93.915,False,False,401.5,289.0,True,False,0.36,0.45,False,False,401.5,289.0,True,False,0.2066,0.1993,True,False,74.45,76.5,True,False,20.0,22.474,True,False,0.2017,0.1993,True,False,0.24,0.17,True,False,4800.0,7200.0,False,True,1.0,0.0,True,False,4800.0,7200.0,False,False,-1.0134,-2.4642,True,False,74.45,76.5,False,False,0.0,0.0
EL42,True,False,92.97,93.915,False,False,401.5,293.0,True,False,0.36,0.45,False,False,401.5,293.0,True,False,0.2066,0.1993,True,False,74.45,76.5,True,False,20.0,22.474,True,False,0.2017,0.1993,True,False,0.24,0.17,True,False,4800.0,7200.0,False,True,1.0,0.0,True,False,4800.0,7200.0,False,False,-1.0134,-2.4465,True,False,74.45,76.5,False,False,0.0,0.0
EL43,True,False,92.97,93.915,False,False,401.5,338.0,True,False,0.36,0.45,False,False,401.5,338.0,True,False,0.2066,0.1993,True,False,74.45,76.5,True,False,20.0,22.474,True,False,0.2017,0.1993,True,False,0.24,0.17,True,False,4800.0,7200.0,False,True,1.0,0.0,True,False,4800.0,7200.0,False,False,-1.0134,-1.4726,True,False,74.45,76.5,False,False,0.0,0.0
EL51,True,False,92.97,93.915,False,False,401.5,348.0,True,False,0.36,0.45,False,False,401.5,348.0,True,False,0.2066,0.1993,True,False,74.45,76.5,True,False,20.0,22.474,True,False,0.2017,0.1993,True,False,0.24,0.17,True,False,4800.0,7200.0,False,True,1.0,0.0,True,False,4800.0,7200.0,False,False,-1.0134,-1.9062,True,False,74.45,76.5,False,False,0.0,0.0
EL52,True,False,92.97,93.915,True,False,401.5,428.0,True,False,0.36,0.45,True,False,401.5,428.0,True,False,0.2066,0.1993,True,False,74.45,76.5,True,False,20.0,22.474,True,False,0.2017,0.1993,True,False,0.24,0.17,True,False,4800.0,7200.0,False,True,1.0,0.0,True,False,4800.0,7200.0,True,False,-1.0134,-0.7909,True,False,74.45,76.5,False,False,0.0,0.0
EL53,True,False,92.97,93.915,False,False,401.5,384.0,True,False,0.36,0.45,False,False,401.5,384.0,True,False,0.2066,0.1993,True,False,74.45,76.5,True,False,20.0,22.474,True,False,0.2017,0.1993,True,False,0.24,0.17,True,False,4800.0,7200.0,False,True,1.0,0.0,True,False,4800.0,7200.0,False,False,-1.0134,-1.9114,True,False,74.45,76.5,False,False,0.0,0.0
EL54,True,False,92.97,93.915,False,False,401.5,387.0,True,False,0.36,0.45,False,False,401.5,387.0,True,False,0.2066,0.1993,True,False,74.45,76.5,True,False,20.0,22.474,True,False,0.2017,0.1993,True,False,0.24,0.17,True,False,4800.0,7200.0,False,True,1.0,0.0,True,False,4800.0,7200.0,False,False,-1.0134,-1.0807,True,False,74.45,76.5,False,False,0.0,0.0
EL61,True,False,92.97,93.915,False,False,401.5,375.0,True,False,0.36,0.45,False,False,401.5,375.0,True,False,0.2066,0.1993,True,False,74.45,76.5,True,False,20.0,22.474,True,False,0.2017,0.1993,True,False,0.24,0.17,True,False,4800.0,7200.0,False,True,1.0,0.0,True,False,4800.0,7200.0,False,False,-1.0134,-1.4752,True,False,74.45,76.5,False,False,0.0,0.0
EL62,True,False,92.97,93.915,False,False,401.5,272.0,True,False,0.36,0.45,False,False,401.5,272.0,True,False,0.2066,0.1993,True,False,74.45,76.5,True,False,20.0,22.474,True,False,0.2017,0.1993,True,False,0.24,0.17,True,False,4800.0,7200.0,False,True,1.0,0.0,True,False,4800.0,7200.0,False,False,-1.0134,-2.5369,True,False,74.45,76.5,False,False,0.0,0.0
EL63,True,False,92.97,93.915,False,False,401.5,276.0,True,False,0.36,0.45,False,False,401.5,276.0,True,False,0.2066,0.1993,True,False,74.45,76.5,True,False,20.0,22.474,True,False,0.2017,0.1993,True,False,0.24,0.17,True,False,4800.0,7200.0,False,True,1.0,0.0,True,False,4800.0,7200.0,False,False,-1.0134,-2.7697,True,False,74.45,76.5,False,False,0.0,0.0
EL64,True,False,92.97,93.915,False,False,401.5,315.0,True,False,0.36,0.45,False,False,401.5,315.0,True,False,0.2066,0.1993,True,False,74.45,76.5,True,False,20.0,22.474,True,False,0.2017,0.1993,True,False,0.24,0.17,True,False,4800.0,7200.0,False,True,1.0,0.0,True,False,4800.0,7200.0,False,False,-1.0134,-2.0755,True,False,74.45,76.5,False,False,0.0,0.0
EL65,True,False,92.97,93.915,False,False,401.5,310.0,True,False,0.36,0.45,False,False,401.5,310.0,True,False,0.2066,0.1993,True,False,74.45,76.5,True,False,20.0,22.474,True,False,0.2017,0.1993,True,False,0.24,0.17,True,False,4800.0,7200.0,False,True,1.0,0.0,True,False,4800.0,7200.0,False,False,-1.0134,-1.821,True,False,74.45,76.5,False,False,0.0,0.0
ES11,True,False,92.97,96.51,True,False,401.5,496.0,True,False,0.36,0.37,True,False,401.5,496.0,True,False,0.2066,0.1411,True,False,74.45,76.0,True,False,20.0,25.417,True,False,0.2017,0.1411,False,False,0.24,0.31,False,False,4800.0,3400.0,False,True,1.0,0.0,False,False,4800.0,3400.0,True,False,-1.0134,0.3521,True,False,74.45,76.0,True,False,0.0,0.6667
ES12,True,False,92.97,97.155,True,False,401.5,533.0,True,False,0.36,0.37,True,False,401.5,533.0,True,False,0.2066,0.1411,True,False,74.45,76.0,True,False,20.0,25.417,True,False,0.2017,0.1411,False,False,0.24,0.31,False,False,4800.0,3400.0,False,True,1.0,0.0,False,False,4800.0,3400.0,True,False,-1.0134,0.7691,True,False,74.45,76.0,True,False,0.0,0.6667
ES13,True,False,92.97,97.505,True,False,401.5,525.0,True,False,0.36,0.37,True,False,401.5,525.0,True,False,0.2066,0.1411,True,False,74.45,76.0,True,False,20.0,25.417,True,False,0.2017,0.1411,False,False,0.24,0.31,False,False,4800.0,3400.0,False,True,1.0,0.0,False,False,4800.0,3400.0,True,False,-1.0134,0.8484,True,False,74.45,76.0,True,False,0.0,0.6667
ES21,True,False,92.97,97.765,True,False,401.5,638.0,True,False,0.36,0.37,True,False,401.5,638.0,True,False,0.2066,0.1411,True,False,74.45,76.0,True,False,20.0,25.417,True,False,0.2017,0.1411,False,False,0.24,0.31,False,False,4800.0,3400.0,False,True,1.0,0.0,False,False,4800.0,3400.0,True,False,-1.0134,2.225,True,False,74.45,76.0,True,False,0.0,0.6667
ES22,True,False,92.97,98.095,True,False,401.5,560.0,True,False,0.36,0.37,True,False,401.5,560.0,True,False,0.2066,0.1411,True,False,74.45,76.0,True,False,20.0,25.417,True,False,0.2017,0.1411,False,False,0.24,0.31,False,False,4800.0,3400.0,False,True,1.0,0.0,False,False,4800.0,3400.0,True,False,-1.0134,1.3189,True,False,74.45,76.0,True,False,0.0,0.6667
ES23,True,False,92.97,97.475,True,False,401.5,470.0,True,False,0.36,0.37,True,False,401.5,470.0,True,False,0.2066,0.1411,True,False,74.45,76.0,True,False,20.0,25.417,True,False,0.2017,0.1411,False,False,0.24,0.31,False,False,4800.0,3400.0,False,True,1.0,0.0,False,False,4800.0,3400.0,True,False,-1.0134,0.2915,True,False,74.45,76.0,True,False,0.0,0.6667
ES24,True,False,92.97,98.15,True,False,401.5,471.0,True,False,0.36,0.37,True,False,401.5,471.0,True,False,0.2066,0.1411,True,False,74.45,76.0,True,False,20.0,25.417,True,False,0.2017,0.1411,False,False,0.24,0.31,False,False,4800.0,3400.0,False,True,1.0,0.0,False,False,4800.0,3400.0,True,False,-1.0134,0.2084,True,False,74.45,76.0,True,False,0.0,0.6667
ES30,True,False,92.97,98.77,True,False,401.5,567.0,True,False,0.36,0.37,True,False,401.5,567.0,True,False,0.2066,0.1411,True,False,74.45,76.0,True,False,20.0,25.417,True,False,0.2017,0.1411,False,False,0.24,0.31,False,False,4800.0,3400.0,False,True,1.0,0.0,False,False,4800.0,3400.0,True,False,-1.0134,1.4728,True,False,74.45,76.0,True,False,0.0,0.6667
ES41,True,False,92.97,97.8,True,False,401.5,475.0,True,False,0.36,0.37,True,False,401.5,475.0,True,False,0.2066,0.1411,True,False,74.45,76.0,True,False,20.0,25.417,True,False,0.2017,0.1411,False,False,0.24,0.31,False,False,4800.0,3400.0,False,True,1.0,0.0,False,False,4800.0,3400.0,True,False,-1.0134,0.2442,True,False,74.45,76.0,True,False,0.0,0.6667
ES42,True,False,92.97,97.215,False,False,401.5,401.0,True,False,0.36,0.37,False,False,401.5,401.0,True,False,0.2066,0.1411,True,False,74.45,76.0,True,False,20.0,25.417,True,False,0.2017,0.1411,False,False,0.24,0.31,False,False,4800.0,3400.0,False,True,1.0,0.0,False,False,4800.0,3400.0,True,False,-1.0134,-1.0003,True,False,74.45,76.0,True,False,0.0,0.6667
ES43,True,False,92.97,97.275,True,False,401.5,416.0,True,False,0.36,0.37,True,False,401.5,416.0,True,False,0.2066,0.1411,True,False,74.45,76.0,True,False,20.0,25.417,True,False,0.2017,0.1411,False,False,0.24,0.31,False,False,4800.0,3400.0,False,True,1.0,0.0,False,False,4800.0,3400.0,True,False,-1.0134,-1.0086,True,False,74.45,76.0,True,False,0.0,0.6667
ES51,True,False,92.97,98.435,True,False,401.5,535.0,True,False,0.36,0.37,True,False,401.5,535.0,True,False,0.2066,0.1411,True,False,74.45,76.0,True,False,20.0,25.417,True,False,0.2017,0.1411,False,False,0.24,0.31,False,False,4800.0,3400.0,False,True,1.0,0.0,False,False,4800.0,3400.0,True,False,-1.0134,1.0155,True,False,74.45,76.0,True,False,0.0,0.6667
ES52,True,False,92.97,98.41,True,False,401.5,447.0,True,False,0.36,0.37,True,False,401.5,447.0,True,False,0.2066,0.1411,True,False,74.45,76.0,True,False,20.0,25.417,True,False,0.2017,0.1411,False,False,0.24,0.31,False,False,4800.0,3400.0,False,True,1.0,0.0,False,False,4800.0,3400.0,True,False,-1.0134,-0.3843,True,False,74.45,76.0,True,False,0.0,0.6667
ES53,True,False,92.97,98.635,True,False,401.5,425.0,True,False,0.36,0.37,True,False,401.5,425.0,True,False,0.2066,0.1411,True,False,74.45,76.0,True,False,20.0,25.417,True,False,0.2017,0.1411,False,False,0.24,0.31,False,False,4800.0,3400.0,False,True,1.0,0.0,False,False,4800.0,3400.0,True,False,-1.0134,-0.3941,True,False,74.45,76.0,True,False,0.0,0.6667
ES61,True,False,92.97,97.235,True,False,401.5,433.0,True,False,0.36,0.37,True,False,401.5,433.0,True,False,0.2066,0.1411,True,False,74.45,76.0,True,False,20.0,25.417,True,False,0.2017,0.1411,False,False,0.24,0.31,False,False,4800.0,3400.0,False,True,1.0,0.0,False,False,4800.0,3400.0,True,False,-1.0134,-0.8615,True,False,74.45,76.0,True,False,0.0,0.6667
ES62,True,False,92.97,98.465,True,False,401.5,408.0,True,False,0.36,0.37,True,False,401.5,408.0,True,False,0.2066,0.1411,True,False,74.45,76.0,True,False,20.0,25.417,True,False,0.2017,0.1411,False,False,0.24,0.31,False,False,4800.0,3400.0,False,True,1.0,0.0,False,False,4800.0,3400.0,True,False,-1.0134,-0.9106,True,False,74.45,76.0,True,False,0.0,0.6667
ES63,True,False,92.97,96.255,False,False,401.5,401.0,True,False,0.36,0.37,False,False,401.5,401.0,True,False,0.2066,0.1411,True,False,74.45,76.0,True,False,20.0,25.417,True,False,0.2017,0.1411,False,False,0.24,0.31,False,False,4800.0,3400.0,False,True,1.0,0.0,False,False,4800.0,3400.0,False,False,-1.0134,-1.7509,True,False,74.45,76.0,True,False,0.0,0.6667
ES64,True,False,92.97,99.31,False,False,401.5,371.0,True,False,0.36,0.37,False,False,401.5,371.0,True,False,0.2066,0.1411,True,False,74.45,76.0,True,False,20.0,25.417,True,False,0.2017,0.1411,False,False,0.24,0.31,False,False,4800.0,3400.0,False,True,1.0,0.0,False,False,4800.0,3400.0,False,False,-1.0134,-2.4289,True,False,74.45,76.0,True,False,0.0,0.6667
ES70,True,False,92.97,98.35,True,False,401.5,423.0,True,False,0.36,0.37,True,False,401.5,423.0,True,False,0.2066,0.1411,True,False,74.45,76.0,True,False,20.0,25.417,True,False,0.2017,0.1411,False,False,0.24,0.31,False,False,4800.0,3400.0,False,True,1.0,0.0,False,False,4800.0,3400.0,True,False,-1.0134,-0.7806,True,False,74.45,76.0,True,False,0.0,0.6667
FI19,True,False,92.97,97.345,True,False,401.5,487.0,True,False,0.36,0.78,True,False,401.5,487.0,True,False,0.2066,0.0802,True,False,74.45,80.2,True,False,20.0,52.124,True,False,0.2017,0.0802,True,False,0.24,0.03,True,False,4800.0,5800.0,True,True,1.0,1.0,True,False,4800.0,5800.0,True,False,-1.0134,0.4897,True,False,74.45,80.2,True,False,0.0,1.0
FI1B,True,False,92.97,98.3,True,False,401.5,604.0,True,False,0.36,0.78,True,False,401.5,604.0,True,False,0.2066,0.0802,True,False,74.45,80.2,True,False,20.0,52.124,True,False,0.2017,0.0802,True,False,0.24,0.03,True,False,4800.0,5800.0,True,True,1.0,1.0,True,False,4800.0,5800.0,True,False,-1.0134,1.6094,True,False,74.45,80.2,True,False,0.0,1.0
FI1C,True,False,92.97,96.585,True,False,401.5,481.0,True,False,0.36,0.78,True,False,401.5,481.0,True,False,0.2066,0.0802,True,False,74.45,80.2,True,False,20.0,52.124,True,False,0.2017,0.0802,True,False,0.24,0.03,True,False,4800.0,5800.0,True,True,1.0,1.0,True,False,4800.0,5800.0,True,False,-1.0134,0.2511,True,False,74.45,80.2,True,False,0.0,1.0
FI1D,True,False,92.97,96.14,True,False,401.5,468.0,True,False,0.36,0.78,True,False,401.5,468.0,True,False,0.2066,0.0802,True,False,74.45,80.2,True,False,20.0,52.124,True,False,0.2017,0.0802,True,False,0.24,0.03,True,False,4800.0,5800.0,True,True,1.0,1.0,True,False,4800.0,5800.0,True,False,-1.0134,0.114,True,False,74.45,80.2,True,False,0.0,1.0
FI20,True,False,92.97,96.965,True,False,401.5,470.0,True,False,0.36,0.78,True,False,401.5,470.0,True,False,0.2066,0.0802,True,False,74.45,80.2,True,False,20.0,52.124,True,False,0.2017,0.0802,True,False,0.24,0.03,True,False,4800.0,5800.0,True,True,1.0,1.0,True,False,4800.0,5800.0,True,False,-1.0134,0.4663,True,False,74.45,80.2,True,False,0.0,1.0
FR10,True,False,92.97,96.1,True,False,401.5,687.0,True,False,0.36,0.44,True,False,401.5,687.0,True,False,0.2066,0.1404,True,False,74.45,76.8,True,False,20.0,23.229,True,False,0.2017,0.1404,True,False,0.24,0.17,True,False,4800.0,12000.0,True,True,1.0,1.0,True,False,4800.0,12000.0,True,False,-1.0134,2.6026,True,False,74.45,76.8,True,False,0.0,1.0
FRB0,False,False,92.97,90.13,True,False,401.5,539.0,True,False,0.36,0.44,True,False,401.5,539.0,True,False,0.2066,0.1404,True,False,74.45,76.8,True,False,20.0,23.229,True,False,0.2017,0.1404,True,False,0.24,0.17,True,False,4800.0,12000.0,True,True,1.0,1.0,True,False,4800.0,12000.0,True,False,-1.0134,0.7611,True,False,74.45,76.8,True,False,0.0,1.0
FRC1,False,False,92.97,85.52,True,False,401.5,484.0,True,False,0.36,0.44,True,False,401.5,484.0,True,False,0.2066,0.1404,True,False,74.45,76.8,True,False,20.0,23.229,True,False,0.2017,0.1404,True,False,0.24,0.17,True,False,4800.0,12000.0,True,True,1.0,1.0,True,False,4800.0,12000.0,True,False,-1.0134,-0.0495,True,False,74.45,76.8,True,False,0.0,1.0
FRC2,False,False,92.97,90.05,True,False,401.5,490.0,True,False,0.36,0.44,True,False,401.5,490.0,True,False,0.2066,0.1404,True,False,74.45,76.8,True,False,20.0,23.229,True,False,0.2017,0.1404,True,False,0.24,0.17,True,False,4800.0,12000.0,True,True,1.0,1.0,True,False,4800.0,12000.0,True,False,-1.0134,-0.0139,True,False,74.45,76.8,True,False,0.0,1.0
FRD1,False,False,92.97,88.095,True,False,401.5,513.0,True,False,0.36,0.44,True,False,401.5,513.0,True,False,0.2066,0.1404,True,False,74.45,76.8,True,False,20.0,23.229,True,False,0.2017,0.1404,True,False,0.24,0.17,True,False,4800.0,12000.0,True,True,1.0,1.0,True,False,4800.0,12000.0,True,False,-1.0134,0.4844,True,False,74.45,76.8,True,False,0.0,1.0
FRD2,False,False,92.97,88.845,True,False,401.5,516.0,True,False,0.36,0.44,True,False,401.5,516.0,True,False,0.2066,0.1404,True,False,74.45,76.8,True,False,20.0,23.229,True,False,0.2017,0.1404,True,False,0.24,0.17,True,False,4800.0,12000.0,True,True,1.0,1.0,True,False,4800.0,12000.0,True,False,-1.0134,0.2469,True,False,74.45,76.8,True,False,0.0,1.0
FRE1,False,False,92.97,92.58,True,False,401.5,538.0,True,False,0.36,0.44,True,False,401.5,538.0,True,False,0.2066,0.1404,True,False,74.45,76.8,True,False,20.0,23.229,True,False,0.2017,0.1404,True,False,0.24,0.17,True,False,4800.0,12000.0,True,True,1.0,1.0,True,False,4800.0,12000.0,True,False,-1.0134,0.4312,True,False,74.45,76.8,True,False,0.0,1.0
FRE2,False,False,92.97,89.38,True,False,401.5,482.0,True,False,0.36,0.44,True,False,401.5,482.0,True,False,0.2066,0.1404,True,False,74.45,76.8,True,False,20.0,23.229,True,False,0.2017,0.1404,True,False,0.24,0.17,True,False,4800.0,12000.0,True,True,1.0,1.0,True,False,4800.0,12000.0,True,False,-1.0134,-0.1874,True,False,74.45,76.8,True,False,0.0,1.0
FRF1,False,False,92.97,92.775,True,False,401.5,519.0,True,False,0.36,0.44,True,False,401.5,519.0,True,False,0.2066,0.1404,True,False,74.45,76.8,True,False,20.0,23.229,True,False,0.2017,0.1404,True,False,0.24,0.17,True,False,4800.0,12000.0,True,True,1.0,1.0,True,False,4800.0,12000.0,True,False,-1.0134,0.6823,True,False,74.45,76.8,True,False,0.0,1.0
FRF2,False,False,92.97,89.045,True,False,401.5,475.0,True,False,0.36,0.44,True,False,401.5,475.0,True,False,0.2066,0.1404,True,False,74.45,76.8,True,False,20.0,23.229,True,False,0.2017,0.1404,True,False,0.24,0.17,True,False,4800.0,12000.0,True,True,1.0,1.0,True,False,4800.0,12000.0,True,False,-1.0134,-0.3495,True,False,74.45,76.8,True,False,0.0,1.0
FRF3,False,False,92.97,90.815,True,False,401.5,490.0,True,False,0.36,0.44,True,False,401.5,490.0,True,False,0.2066,0.1404,True,False,74.45,76.8,True,False,20.0,23.229,True,False,0.2017,0.1404,True,False,0.24,0.17,True,False,4800.0,12000.0,True,True,1.0,1.0,True,False,4800.0,12000.0,True,False,-1.0134,-0.161,True,False,74.45,76.8,True,False,0.0,1.0
FRG0,False,False,92.97,90.32,True,False,401.5,527.0,True,False,0.36,0.44,True,False,401.5,527.0,True,False,0.2066,0.1404,True,False,74.45,76.8,True,False,20.0,23.229,True,False,0.2017,0.1404,True,False,0.24,0.17,True,False,4800.0,12000.0,True,True,1.0,1.0,True,False,4800.0,12000.0,True,False,-1.0134,0.7555,True,False,74.45,76.8,True,False,0.0,1.0
FRH0,False,False,92.97,90.17,True,False,401.5,544.0,True,False,0.36,0.44,True,False,401.5,544.0,True,False,0.2066,0.1404,True,False,74.45,76.8,True,False,20.0,23.229,True,False,0.2017,0.1404,True,False,0.24,0.17,True,False,4800.0,12000.0,True,True,1.0,1.0,True,False,4800.0,12000.0,True,False,-1.0134,0.8687,True,False,74.45,76.8,True,False,0.0,1.0
FRI1,False,False,92.97,91.875,True,False,401.5,546.0,True,False,0.36,0.44,True,False,401.5,546.0,True,False,0.2066,0.1404,True,False,74.45,76.8,True,False,20.0,23.229,True,False,0.2017,0.1404,True,False,0.24,0.17,True,False,4800.0,12000.0,True,True,1.0,1.0,True,False,4800.0,12000.0,True,False,-1.0134,1.0359,True,False,74.45,76.8,True,False,0.0,1.0
FRI2,False,False,92.97,80.71,True,False,401.5,544.0,True,False,0.36,0.44,True,False,401.5,544.0,True,False,0.2066,0.1404,True,False,74.45,76.8,True,False,20.0,23.229,True,False,0.2017,0.1404,True,False,0.24,0.17,True,False,4800.0,12000.0,True,True,1.0,1.0,True,False,4800.0,12000.0,True,False,-1.0134,0.787,True,False,74.45,76.8,True,False,0.0,1.0
FRI3,False,False,92.97,90.26,True,False,401.5,521.0,True,False,0.36,0.44,True,False,401.5,521.0,True,False,0.2066,0.1404,True,False,74.45,76.8,True,False,20.0,23.229,True,False,0.2017,0.1404,True,False,0.24,0.17,True,False,4800.0,12000.0,True,True,1.0,1.0,True,False,4800.0,12000.0,True,False,-1.0134,0.4616,True,False,74.45,76.8,True,False,0.0,1.0
FRJ1,False,False,92.97,89.205,True,False,401.5,543.0,True,False,0.36,0.44,True,False,401.5,543.0,True,False,0.2066,0.1404,True,False,74.45,76.8,True,False,20.0,23.229,True,False,0.2017,0.1404,True,False,0.24,0.17,True,False,4800.0,12000.0,True,True,1.0,1.0,True,False,4800.0,12000.0,True,False,-1.0134,0.5027,True,False,74.45,76.8,True,False,0.0,1.0
FRJ2,False,False,92.97,88.295,True,False,401.5,617.0,True,False,0.36,0.44,True,False,401.5,617.0,True,False,0.2066,0.1404,True,False,74.45,76.8,True,False,20.0,23.229,True,False,0.2017,0.1404,True,False,0.24,0.17,True,False,4800.0,12000.0,True,True,1.0,1.0,True,False,4800.0,12000.0,True,False,-1.0134,1.6505,True,False,74.45,76.8,True,False,0.0,1.0
FRK1,False,False,92.97,88.67,True,False,401.5,522.0,True,False,0.36,0.44,True,False,401.5,522.0,True,False,0.2066,0.1404,True,False,74.45,76.8,True,False,20.0,23.229,True,False,0.2017,0.1404,True,False,0.24,0.17,True,False,4800.0,12000.0,True,True,1.0,1.0,True,False,4800.0,12000.0,True,False,-1.0134,0.6303,True,False,74.45,76.8,True,False,0.0,1.0
FRK2,False,False,92.97,91.58,True,False,401.5,597.0,True,False,0.36,0.44,True,False,401.5,597.0,True,False,0.2066,0.1404,True,False,74.45,76.8,True,False,20.0,23.229,True,False,0.2017,0.1404,True,False,0.24,0.17,True,False,4800.0,12000.0,True,True,1.0,1.0,True,False,4800.0,12000.0,True,False,-1.0134,1.6108,True,False,74.45,76.8,True,False,0.0,1.0
FRL0,False,False,92.97,91.425,True,False,401.5,561.0,True,False,0.36,0.44,True,False,401.5,561.0,True,False,0.2066,0.1404,True,False,74.45,76.8,True,False,20.0,23.229,True,False,0.2017,0.1404,True,False,0.24,0.17,True,False,4800.0,12000.0,True,True,1.0,1.0,True,False,4800.0,12000.0,True,False,-1.0134,0.7496,True,False,74.45,76.8,True,False,0.0,1.0
FRM0,False,False,92.97,80.97,True,False,401.5,465.0,True,False,0.36,0.44,True,False,401.5,465.0,True,False,0.2066,0.1404,True,False,74.45,76.8,True,False,20.0,23.229,True,False,0.2017,0.1404,True,False,0.24,0.17,True,False,4800.0,12000.0,True,True,1.0,1.0,True,False,4800.0,12000.0,True,False,-1.0134,-0.7462,True,False,74.45,76.8,True,False,0.0,1.0
FRY1,False,False,92.97,83.035,True,False,401.5,437.0,True,False,0.36,0.44,True,False,401.5,437.0,True,False,0.2066,0.1404,True,False,74.45,76.8,True,False,20.0,23.229,True,False,0.2017,0.1404,True,False,0.24,0.17,True,False,4800.0,12000.0,True,True,1.0,1.0,True,False,4800.0,12000.0,False,False,-1.0134,-1.6523,True,False,74.45,76.8,True,False,0.0,1.0
FRY2,False,False,92.97,90.79,True,False,401.5,452.0,True,False,0.36,0.44,True,False,401.5,452.0,True,False,0.2066,0.1404,True,False,74.45,76.8,True,False,20.0,23.229,True,False,0.2017,0.1404,True,False,0.24,0.17,True,False,4800.0,12000.0,True,True,1.0,1.0,True,False,4800.0,12000.0,True,False,-1.0134,-0.9854,True,False,74.45,76.8,True,False,0.0,1.0
FRY3,False,False,92.97,85.22,True,False,401.5,403.0,True,False,0.36,0.44,True,False,401.5,403.0,True,False,0.2066,0.1404,True,False,74.45,76.8,True,False,20.0,23.229,True,False,0.2017,0.1404,True,False,0.24,0.17,True,False,4800.0,12000.0,True,True,1.0,1.0,True,False,4800.0,12000.0,False,False,-1.0134,-3.0288,True,False,74.45,76.8,True,False,0.0,1.0
FRY4,False,False,92.97,91.05,True,False,401.5,412.0,True,False,0.36,0.44,True,False,401.5,412.0,True,False,0.2066,0.1404,True,False,74.45,76.8,True,False,20.0,23.229,True,False,0.2017,0.1404,True,False,0.24,0.17,True,False,4800.0,12000.0,True,True,1.0,1.0,True,False,4800.0,12000.0,False,False,-1.0134,-1.9828,True,False,74.45,76.8,True,False,0.0,1.0
FRY5,False,False,92.97,90.09,True,False,401.5,520.0,True,False,0.36,0.44,True,False,401.5,520.0,True,False,0.2066,0.1404,True,False,74.45,76.8,True,False,20.0,23.229,True,False,0.2017,0.1404,True,False,0.24,0.17,True,False,4800.0,12000.0,True,True,1.0,1.0,True,False,4800.0,12000.0,True,False,-1.0134,0.4163,True,False,74.45,76.8,True,False,0.0,1.0
HR02,True,False,92.97,93.69,False,False,401.5,323.0,True,False,0.36,0.37,False,False,401.5,323.0,True,False,0.2066,0.1639,False,False,74.45,73.6,True,False,20.0,26.477,True,False,0.2017,0.1639,True,False,0.24,0.05,False,False,4800.0,2400.0,True,True,1.0,1.0,False,False,4800.0,2400.0,False,False,-1.0134,-2.3544,False,False,74.45,73.6,False,False,0.0,0.0
HR03,True,False,92.97,93.69,True,False,401.5,426.0,True,False,0.36,0.37,True,False,401.5,426.0,True,False,0.2066,0.1639,False,False,74.45,73.6,True,False,20.0,26.477,True,False,0.2017,0.1639,True,False,0.24,0.05,False,False,4800.0,2400.0,True,True,1.0,1.0,False,False,4800.0,2400.0,True,False,-1.0134,-0.7597,False,False,74.45,73.6,False,False,0.0,0.0
HR05,True,False,92.97,93.69,True,False,401.5,632.0,True,False,0.36,0.37,True,False,401.5,632.0,True,False,0.2066,0.1639,False,False,74.45,73.6,True,False,20.0,26.477,True,False,0.2017,0.1639,True,False,0.24,0.05,False,False,4800.0,2400.0,True,True,1.0,1.0,False,False,4800.0,2400.0,True,False,-1.0134,2.1545,False,False,74.45,73.6,False,False,0.0,0.0
HR06,True,False,92.97,93.69,False,False,401.5,349.0,True,False,0.36,0.37,False,False,401.5,349.0,True,False,0.2066,0.1639,False,False,74.45,73.6,True,False,20.0,26.477,True,False,0.2017,0.1639,True,False,0.24,0.05,False,False,4800.0,2400.0,True,True,1.0,1.0,False,False,4800.0,2400.0,False,False,-1.0134,-1.6334,False,False,74.45,73.6,False,False,0.0,0.0
HU11,True,False,92.97,97.81,True,False,401.5,710.0,False,False,0.36,0.18,True,False,401.5,710.0,False,False,0.2066,0.211,False,False,74.45,73.4,False,False,20.0,18.264,False,False,0.2017,0.211,True,False,0.24,0.14,False,False,4800.0,4500.0,True,True,1.0,1.0,False,False,4800.0,4500.0,True,False,-1.0134,3.3303,False,False,74.45,73.4,True,False,0.0,0.6667
HU12,True,False,92.97,96.81,True,False,401.5,479.0,False,False,0.36,0.18,True,False,401.5,479.0,False,False,0.2066,0.211,False,False,74.45,73.4,False,False,20.0,18.264,False,False,0.2017,0.211,True,False,0.24,0.14,False,False,4800.0,4500.0,True,True,1.0,1.0,False,False,4800.0,4500.0,True,False,-1.0134,0.2637,False,False,74.45,73.4,True,False,0.0,0.6667
HU21,True,False,92.97,96.05,False,False,401.5,353.0,False,False,0.36,0.18,False,False,401.5,353.0,False,False,0.2066,0.211,False,False,74.45,73.4,False,False,20.0,18.264,False,False,0.2017,0.211,True,False,0.24,0.14,False,False,4800.0,4500.0,True,True,1.0,1.0,False,False,4800.0,4500.0,False,False,-1.0134,-1.1708,False,False,74.45,73.4,True,False,0.0,0.6667
HU22,True,False,92.97,95.945,False,False,401.5,365.0,False,False,0.36,0.18,False,False,401.5,365.0,False,False,0.2066,0.211,False,False,74.45,73.4,False,False,20.0,18.264,False,False,0.2017,0.211,True,False,0.24,0.14,False,False,4800.0,4500.0,True,True,1.0,1.0,False,False,4800.0,4500.0,True,False,-1.0134,-0.9667,False,False,74.45,73.4,True,False,0.0,0.6667
HU23,True,False,92.97,94.515,False,False,401.5,341.0,False,False,0.36,0.18,False,False,401.5,341.0,False,False,0.2066,0.211,False,False,74.45,73.4,False,False,20.0,18.264,False,False,0.2017,0.211,True,False,0.24,0.14,False,False,4800.0,4500.0,True,True,1.0,1.0,False,False,4800.0,4500.0,False,False,-1.0134,-1.6531,False,False,74.45,73.4,True,False,0.0,0.6667
HU31,True,False,92.97,93.13,False,False,401.5,327.0,False,False,0.36,0.18,False,False,401.5,327.0,False,False,0.2066,0.211,False,False,74.45,73.4,False,False,20.0,18.264,False,False,0.2017,0.211,True,False,0.24,0.14,False,False,4800.0,4500.0,True,True,1.0,1.0,False,False,4800.0,4500.0,False,False,-1.0134,-1.8736,False,False,74.45,73.4,True,False,0.0,0.6667
HU32,True,False,92.97,94.02,False,False,401.5,347.0,False,False,0.36,0.18,False,False,401.5,347.0,False,False,0.2066,0.211,False,False,74.45,73.4,False,False,20.0,18.264,False,False,0.2017,0.211,True,False,0.24,0.14,False,False,4800.0,4500.0,True,True,1.0,1.0,False,False,4800.0,4500.0,False,False,-1.0134,-1.4796,False,False,74.45,73.4,True,False,0.0,0.6667
HU33,True,False,92.97,93.36,False,False,401.5,366.0,False,False,0.36,0.18,False,False,401.5,366.0,False,False,0.2066,0.211,False,False,74.45,73.4,False,False,20.0,18.264,False,False,0.2017,0.211,True,False,0.24,0.14,False,False,4800.0,4500.0,True,True,1.0,1.0,False,False,4800.0,4500.0,False,False,-1.0134,-1.1085,False,False,74.45,73.4,True,False,0.0,0.6667
IE04,True,False,92.97,93.535,True,False,401.5,553.0,False,False,0.36,0.17,True,False,401.5,553.0,False,False,0.2066,0.2328,True,False,74.45,79.5,False,False,20.0,16.064,False,False,0.2017,0.2328,True,False,0.24,0.04,False,False,4800.0,1500.0,False,True,1.0,0.0,False,False,4800.0,1500.0,True,False,-1.0134,1.6609,True,False,74.45,79.5,True,False,0.0,0.6667
IE05,False,False,92.97,92.015,True,False,401.5,579.0,False,False,0.36,0.17,True,False,401.5,579.0,False,False,0.2066,0.2328,True,False,74.45,79.5,False,False,20.0,16.064,False,False,0.2017,0.2328,True,False,0.24,0.04,False,False,4800.0,1500.0,False,True,1.0,0.0,False,False,4800.0,1500.0,True,False,-1.0134,1.9802,True,False,74.45,79.5,True,False,0.0,0.6667
IE06,True,False,92.97,96.605,True,False,401.5,670.0,False,False,0.36,0.17,True,False,401.5,670.0,False,False,0.2066,0.2328,True,False,74.45,79.5,False,False,20.0,16.064,False,False,0.2017,0.2328,True,False,0.24,0.04,False,False,4800.0,1500.0,False,True,1.0,0.0,False,False,4800.0,1500.0,True,False,-1.0134,3.0639,True,False,74.45,79.5,True,False,0.0,0.6667
ITC1,False,False,92.97,92.415,False,False,401.5,380.0,True,False,0.36,0.36,False,False,401.5,380.0,True,False,0.2066,0.2064,False,False,74.45,72.9,False,False,20.0,19.385,False,False,0.2017,0.2064,False,False,0.24,0.29,True,False,4800.0,9400.0,False,True,1.0,0.0,True,False,4800.0,9400.0,False,False,-1.0134,-1.5961,False,False,74.45,72.9,True,False,0.0,1.0
ITC2,True,False,92.97,93.435,False,False,401.5,341.0,True,False,0.36,0.36,False,False,401.5,341.0,True,False,0.2066,0.2064,False,False,74.45,72.9,False,False,20.0,19.385,False,False,0.2017,0.2064,False,False,0.24,0.29,True,False,4800.0,9400.0,False,True,1.0,0.0,True,False,4800.0,9400.0,False,False,-1.0134,-1.6702,False,False,74.45,72.9,True,False,0.0,1.0
ITC3,False,False,92.97,92.61,False,False,401.5,381.0,True,False,0.36,0.36,False,False,401.5,381.0,True,False,0.2066,0.2064,False,False,74.45,72.9,False,False,20.0,19.385,False,False,0.2017,0.2064,False,False,0.24,0.29,True,False,4800.0,9400.0,False,True,1.0,0.0,True,False,4800.0,9400.0,False,False,-1.0134,-1.4611,False,False,74.45,72.9,True,False,0.0,1.0
ITC4,True,False,92.97,94.2,True,False,401.5,419.0,True,False,0.36,0.36,True,False,401.5,419.0,True,False,0.2066,0.2064,False,False,74.45,72.9,False,False,20.0,19.385,False,False,0.2017,0.2064,False,False,0.24,0.29,True,False,4800.0,9400.0,False,True,1.0,0.0,True,False,4800.0,9400.0,False,False,-1.0134,-1.1652,False,False,74.45,72.9,True,False,0.0,1.0
ITF1,False,False,92.97,92.47,False,False,401.5,391.0,True,False,0.36,0.36,False,False,401.5,391.0,True,False,0.2066,0.2064,False,False,74.45,72.9,False,False,20.0,19.385,False,False,0.2017,0.2064,False,False,0.24,0.29,True,False,4800.0,9400.0,False,True,1.0,0.0,True,False,4800.0,9400.0,False,False,-1.0134,-1.7172,False,False,74.45,72.9,True,False,0.0,1.0
ITF2,False,False,92.97,90.735,False,False,401.5,378.0,True,False,0.36,0.36,False,False,401.5,378.0,True,False,0.2066,0.2064,False,False,74.45,72.9,False,False,20.0,19.385,False,False,0.2017,0.2064,False,False,0.24,0.29,True,False,4800.0,9400.0,False,True,1.0,0.0,True,False,4800.0,9400.0,False,False,-1.0134,-2.2164,False,False,74.45,72.9,True,False,0.0,1.0
ITF3,False,False,92.97,92.62,False,False,401.5,334.0,True,False,0.36,0.36,False,False,401.5,334.0,True,False,0.2066,0.2064,False,False,74.45,72.9,False,False,20.0,19.385,False,False,0.2017,0.2064,False,False,0.24,0.29,True,False,4800.0,9400.0,False,True,1.0,0.0,True,False,4800.0,9400.0,False,False,-1.0134,-3.3679,False,False,74.45,72.9,True,False,0.0,1.0
ITF4,False,False,92.97,90.645,False,False,401.5,338.0,True,False,0.36,0.36,False,False,401.5,338.0,True,False,0.2066,0.2064,False,False,74.45,72.9,False,False,20.0,19.385,False,False,0.2017,0.2064,False,False,0.24,0.29,True,False,4800.0,9400.0,False,True,1.0,0.0,True,False,4800.0,9400.0,False,False,-1.0134,-3.0961,False,False,74.45,72.9,True,False,0.0,1.0
ITF5,False,False,92.97,91.375,False,False,401.5,350.0,True,False,0.36,0.36,False,False,401.5,350.0,True,False,0.2066,0.2064,False,False,74.45,72.9,False,False,20.0,19.385,False,False,0.2017,0.2064,False,False,0.24,0.29,True,False,4800.0,9400.0,False,True,1.0,0.0,True,False,4800.0,9400.0,False,False,-1.0134,-2.5243,False,False,74.45,72.9,True,False,0.0,1.0
ITF6,False,False,92.97,91.11,False,False,401.5,326.0,True,False,0.36,0.36,False,False,401.5,326.0,True,False,0.2066,0.2064,False,False,74.45,72.9,False,False,20.0,19.385,False,False,0.2017,0.2064,False,False,0.24,0.29,True,False,4800.0,9400.0,False,True,1.0,0.0,True,False,4800.0,9400.0,False,False,-1.0134,-3.4428,False,False,74.45,72.9,True,False,0.0,1.0
ITG1,False,False,92.97,90.915,False,False,401.5,323.0,True,False,0.36,0.36,False,False,401.5,323.0,True,False,0.2066,0.2064,False,False,74.45,72.9,False,False,20.0,19.385,False,False,0.2017,0.2064,False,False,0.24,0.29,True,False,4800.0,9400.0,False,True,1.0,0.0,True,False,4800.0,9400.0,False,False,-1.0134,-3.5074,False,False,74.45,72.9,True,False,0.0,1.0
ITG2,False,False,92.97,92.6,False,False,401.5,317.0,True,False,0.36,0.36,False,False,401.5,317.0,True,False,0.2066,0.2064,False,False,74.45,72.9,False,False,20.0,19.385,False,False,0.2017,0.2064,False,False,0.24,0.29,True,False,4800.0,9400.0,False,True,1.0,0.0,True,False,4800.0,9400.0,False,False,-1.0134,-2.8036,False,False,74.45,72.9,True,False,0.0,1.0
ITH1,True,False,92.97,93.54,False,False,401.5,384.0,True,False,0.36,0.36,False,False,401.5,384.0,True,False,0.2066,0.2064,False,False,74.45,72.9,False,False,20.0,19.385,False,False,0.2017,0.2064,False,False,0.24,0.29,True,False,4800.0,9400.0,False,True,1.0,0.0,True,False,4800.0,9400.0,False,False,-1.0134,-1.4168,False,False,74.45,72.9,True,False,0.0,1.0
ITH2,True,False,92.97,95.055,False,False,401.5,396.0,True,False,0.36,0.36,False,False,401.5,396.0,True,False,0.2066,0.2064,False,False,74.45,72.9,False,False,20.0,19.385,False,False,0.2017,0.2064,False,False,0.24,0.29,True,False,4800.0,9400.0,False,True,1.0,0.0,True,False,4800.0,9400.0,False,False,-1.0134,-1.1561,False,False,74.45,72.9,True,False,0.0,1.0
ITH3,True,False,92.97,93.92,False,False,401.5,384.0,True,False,0.36,0.36,False,False,401.5,384.0,True,False,0.2066,0.2064,False,False,74.45,72.9,False,False,20.0,19.385,False,False,0.2017,0.2064,False,False,0.24,0.29,True,False,4800.0,9400.0,False,True,1.0,0.0,True,False,4800.0,9400.0,False,False,-1.0134,-1.5115,False,False,74.45,72.9,True,False,0.0,1.0
ITH4,True,False,92.97,94.195,True,False,401.5,415.0,True,False,0.36,0.36,True,False,401.5,415.0,True,False,0.2066,0.2064,False,False,74.45,72.9,False,False,20.0,19.385,False,False,0.2017,0.2064,False,False,0.24,0.29,True,False,4800.0,9400.0,False,True,1.0,0.0,True,False,4800.0,9400.0,False,False,-1.0134,-1.1734,False,False,74.45,72.9,True,False,0.0,1.0
ITH5,True,False,92.97,95.435,True,False,401.5,410.0,True,False,0.36,0.36,True,False,401.5,410.0,True,False,0.2066,0.2064,False,False,74.45,72.9,False,False,20.0,19.385,False,False,0.2017,0.2064,False,False,0.24,0.29,True,False,4800.0,9400.0,False,True,1.0,0.0,True,False,4800.0,9400.0,False,False,-1.0134,-1.015,False,False,74.45,72.9,True,False,0.0,1.0
ITI1,True,False,92.97,93.425,False,False,401.5,381.0,True,False,0.36,0.36,False,False,401.5,381.0,True,False,0.2066,0.2064,False,False,74.45,72.9,False,False,20.0,19.385,False,False,0.2017,0.2064,False,False,0.24,0.29,True,False,4800.0,9400.0,False,True,1.0,0.0,True,False,4800.0,9400.0,False,False,-1.0134,-1.3416,False,False,74.45,72.9,True,False,0.0,1.0
ITI2,False,False,92.97,91.455,False,False,401.5,381.0,True,False,0.36,0.36,False,False,401.5,381.0,True,False,0.2066,0.2064,False,False,74.45,72.9,False,False,20.0,19.385,False,False,0.2017,0.2064,False,False,0.24,0.29,True,False,4800.0,9400.0,False,True,1.0,0.0,True,False,4800.0,9400.0,False,False,-1.0134,-1.3554,False,False,74.45,72.9,True,False,0.0,1.0
ITI3,False,False,92.97,91.96,False,False,401.5,390.0,True,False,0.36,0.36,False,False,401.5,390.0,True,False,0.2066,0.2064,False,False,74.45,72.9,False,False,20.0,19.385,False,False,0.2017,0.2064,False,False,0.24,0.29,True,False,4800.0,9400.0,False,True,1.0,0.0,True,False,4800.0,9400.0,False,False,-1.0134,-1.3999,False,False,74.45,72.9,True,False,0.0,1.0
ITI4,True,False,92.97,94.56,True,False,401.5,439.0,True,False,0.36,0.36,True,False,401.5,439.0,True,False,0.2066,0.2064,False,False,74.45,72.9,False,False,20.0,19.385,False,False,0.2017,0.2064,False,False,0.24,0.29,True,False,4800.0,9400.0,False,True,1.0,0.0,True,False,4800.0,9400.0,False,False,-1.0134,-1.0751,False,False,74.45,72.9,True,False,0.0,1.0
LT01,True,False,92.97,93.38,True,False,401.5,720.0,True,False,0.36,0.45,True,False,401.5,720.0,True,False,0.2066,0.1546,True,False,74.45,76.7,True,False,20.0,35.408,True,False,0.2017,0.1546,True,False,0.24,0.07,False,False,4800.0,1700.0,False,True,1.0,0.0,False,False,4800.0,1700.0,True,False,-1.0134,3.6966,True,False,74.45,76.7,True,False,0.0,0.3333
LT02,False,False,92.97,92.31,True,False,401.5,507.0,True,False,0.36,0.45,True,False,401.5,507.0,True,False,0.2066,0.1546,True,False,74.45,76.7,True,False,20.0,35.408,True,False,0.2017,0.1546,True,False,0.24,0.07,False,False,4800.0,1700.0,False,True,1.0,0.0,False,False,4800.0,1700.0,True,False,-1.0134,0.6753,True,False,74.45,76.7,True,False,0.0,0.3333
LU00,True,False,92.97,97.755,True,False,401.5,688.0,False,False,0.36,0.29,True,False,401.5,688.0,True,False,0.2066,0.1759,True,False,74.45,76.4,False,False,20.0,14.742,True,False,0.2017,0.1759,True,False,0.24,0.07,False,False,4800.0,2800.0,False,True,1.0,0.0,False,False,4800.0,2800.0,True,False,-1.0134,2.4096,True,False,74.45,76.4,True,False,0.0,0.6667
LV00,True,False,92.97,93.825,True,False,401.5,492.0,True,False,0.36,0.43,True,False,401.5,492.0,True,False,0.2066,0.1387,False,False,74.45,74.0,True,False,20.0,45.535,True,False,0.2017,0.1387,True,False,0.24,0.04,False,False,4800.0,1500.0,False,True,1.0,0.0,False,False,4800.0,1500.0,True,False,-1.0134,0.4387,False,False,74.45,74.0,False,False,0.0,0.0
MT00,True,False,92.97,95.27,True,False,401.5,502.0,False,False,0.36,0.16,True,False,401.5,502.0,True,False,0.2066,0.1338,False,False,74.45,74.3,False,False,20.0,17.21,True,False,0.2017,0.1338,False,False,0.24,0.55,False,False,4800.0,200.0,False,True,1.0,0.0,False,False,4800.0,200.0,True,False,-1.0134,0.813,False,False,74.45,74.3,False,False,0.0,0.0
NL11,True,False,92.97,99.29,True,False,401.5,587.0,True,False,0.36,0.56,True,False,401.5,587.0,True,False,0.2066,0.2018,True,False,74.45,78.7,True,False,20.0,20.18,False,False,0.2017,0.2018,True,False,0.24,0.1,True,False,4800.0,8300.0,True,True,1.0,1.0,True,False,4800.0,8300.0,True,False,-1.0134,1.7338,True,False,74.45,78.7,True,False,0.0,1.0
NL12,True,False,92.97,98.455,True,False,401.5,535.0,True,False,0.36,0.56,True,False,401.5,535.0,True,False,0.2066,0.2018,True,False,74.45,78.7,True,False,20.0,20.18,False,False,0.2017,0.2018,True,False,0.24,0.1,True,False,4800.0,8300.0,True,True,1.0,1.0,True,False,4800.0,8300.0,True,False,-1.0134,1.202,True,False,74.45,78.7,True,False,0.0,1.0
NL13,True,False,92.97,98.755,True,False,401.5,528.0,True,False,0.36,0.56,True,False,401.5,528.0,True,False,0.2066,0.2018,True,False,74.45,78.7,True,False,20.0,20.18,False,False,0.2017,0.2018,True,False,0.24,0.1,True,False,4800.0,8300.0,True,True,1.0,1.0,True,False,4800.0,8300.0,True,False,-1.0134,1.0468,True,False,74.45,78.7,True,False,0.0,1.0
NL21,True,False,92.97,99.695,True,False,401.5,551.0,True,False,0.36,0.56,True,False,401.5,551.0,True,False,0.2066,0.2018,True,False,74.45,78.7,True,False,20.0,20.18,False,False,0.2017,0.2018,True,False,0.24,0.1,True,False,4800.0,8300.0,True,True,1.0,1.0,True,False,4800.0,8300.0,True,False,-1.0134,1.5751,True,False,74.45,78.7,True,False,0.0,1.0
NL22,True,False,92.97,99.365,True,False,401.5,574.0,True,False,0.36,0.56,True,False,401.5,574.0,True,False,0.2066,0.2018,True,False,74.45,78.7,True,False,20.0,20.18,False,False,0.2017,0.2018,True,False,0.24,0.1,True,False,4800.0,8300.0,True,True,1.0,1.0,True,False,4800.0,8300.0,True,False,-1.0134,1.8444,True,False,74.45,78.7,True,False,0.0,1.0
NL23,True,False,92.97,99.115,True,False,401.5,571.0,True,False,0.36,0.56,True,False,401.5,571.0,True,False,0.2066,0.2018,True,False,74.45,78.7,True,False,20.0,20.18,False,False,0.2017,0.2018,True,False,0.24,0.1,True,False,4800.0,8300.0,True,True,1.0,1.0,True,False,4800.0,8300.0,True,False,-1.0134,1.7025,True,False,74.45,78.7,True,False,0.0,1.0
NL31,True,False,92.97,99.74,True,False,401.5,559.0,True,False,0.36,0.56,True,False,401.5,559.0,True,False,0.2066,0.2018,True,False,74.45,78.7,True,False,20.0,20.18,False,False,0.2017,0.2018,True,False,0.24,0.1,True,False,4800.0,8300.0,True,True,1.0,1.0,True,False,4800.0,8300.0,True,False,-1.0134,1.611,True,False,74.45,78.7,True,False,0.0,1.0
NL32,True,False,92.97,99.25,True,False,401.5,644.0,True,False,0.36,0.56,True,False,401.5,644.0,True,False,0.2066,0.2018,True,False,74.45,78.7,True,False,20.0,20.18,False,False,0.2017,0.2018,True,False,0.24,0.1,True,False,4800.0,8300.0,True,True,1.0,1.0,True,False,4800.0,8300.0,True,False,-1.0134,2.7524,True,False,74.45,78.7,True,False,0.0,1.0
NL33,True,False,92.97,99.195,True,False,401.5,559.0,True,False,0.36,0.56,True,False,401.5,559.0,True,False,0.2066,0.2018,True,False,74.45,78.7,True,False,20.0,20.18,False,False,0.2017,0.2018,True,False,0.24,0.1,True,False,4800.0,8300.0,True,True,1.0,1.0,True,False,4800.0,8300.0,True,False,-1.0134,1.611,True,False,74.45,78.7,True,False,0.0,1.0
NL34,True,False,92.97,100.0,True,False,401.5,495.0,True,False,0.36,0.56,True,False,401.5,495.0,True,False,0.2066,0.2018,True,False,74.45,78.7,True,False,20.0,20.18,False,False,0.2017,0.2018,True,False,0.24,0.1,True,False,4800.0,8300.0,True,True,1.0,1.0,True,False,4800.0,8300.0,True,False,-1.0134,0.7918,True,False,74.45,78.7,True,False,0.0,1.0
NL41,True,False,92.97,99.25,True,False,401.5,567.0,True,False,0.36,0.56,True,False,401.5,567.0,True,False,0.2066,0.2018,True,False,74.45,78.7,True,False,20.0,20.18,False,False,0.2017,0.2018,True,False,0.24,0.1,True,False,4800.0,8300.0,True,True,1.0,1.0,True,False,4800.0,8300.0,True,False,-1.0134,1.782,True,False,74.45,78.7,True,False,0.0,1.0
NL42,True,False,92.97,99.06,True,False,401.5,518.0,True,False,0.36,0.56,True,False,401.5,518.0,True,False,0.2066,0.2018,True,False,74.45,78.7,True,False,20.0,20.18,False,False,0.2017,0.2018,True,False,0.24,0.1,True,False,4800.0,8300.0,True,True,1.0,1.0,True,False,4800.0,8300.0,True,False,-1.0134,0.9216,True,False,74.45,78.7,True,False,0.0,1.0
PL21,True,False,92.97,93.915,True,False,401.5,532.0,True,False,0.36,0.48,True,False,401.5,532.0,True,False,0.2066,0.1993,True,False,74.45,76.4,False,False,20.0,17.77,True,False,0.2017,0.1993,True,False,0.24,0.2,True,False,4800.0,5400.0,True,True,1.0,1.0,True,False,4800.0,5400.0,True,False,-1.0134,0.6748,True,False,74.45,76.4,True,False,0.0,0.6667
PL22,True,False,92.97,93.915,True,False,401.5,526.0,True,False,0.36,0.48,True,False,401.5,526.0,True,False,0.2066,0.1993,True,False,74.45,76.4,False,False,20.0,17.77,True,False,0.2017,0.1993,True,False,0.24,0.2,True,False,4800.0,5400.0,True,True,1.0,1.0,True,False,4800.0,5400.0,True,False,-1.0134,0.4787,True,False,74.45,76.4,True,False,0.0,0.6667
PL41,True,False,92.97,93.915,True,False,401.5,436.0,True,False,0.36,0.48,True,False,401.5,436.0,True,False,0.2066,0.1993,True,False,74.45,76.4,False,False,20.0,17.77,True,False,0.2017,0.1993,True,False,0.24,0.2,True,False,4800.0,5400.0,True,True,1.0,1.0,True,False,4800.0,5400.0,True,False,-1.0134,-0.1552,True,False,74.45,76.4,True,False,0.0,0.6667
PL42,True,False,92.97,93.915,True,False,401.5,506.0,True,False,0.36,0.48,True,False,401.5,506.0,True,False,0.2066,0.1993,True,False,74.45,76.4,False,False,20.0,17.77,True,False,0.2017,0.1993,True,False,0.24,0.2,True,False,4800.0,5400.0,True,True,1.0,1.0,True,False,4800.0,5400.0,True,False,-1.0134,0.3511,True,False,74.45,76.4,True,False,0.0,0.6667
PL43,True,False,92.97,93.915,True,False,401.5,441.0,True,False,0.36,0.48,True,False,401.5,441.0,True,False,0.2066,0.1993,True,False,74.45,76.4,False,False,20.0,17.77,True,False,0.2017,0.1993,True,False,0.24,0.2,True,False,4800.0,5400.0,True,True,1.0,1.0,True,False,4800.0,5400.0,True,False,-1.0134,-0.4548,True,False,74.45,76.4,True,False,0.0,0.6667
PL51,True,False,92.97,93.915,True,False,401.5,557.0,True,False,0.36,0.48,True,False,401.5,557.0,True,False,0.2066,0.1993,True,False,74.45,76.4,False,False,20.0,17.77,True,False,0.2017,0.1993,True,False,0.24,0.2,True,False,4800.0,5400.0,True,True,1.0,1.0,True,False,4800.0,5400.0,True,False,-1.0134,1.2077,True,False,74.45,76.4,True,False,0.0,0.6667
PL52,True,False,92.97,93.915,True,False,401.5,445.0,True,False,0.36,0.48,True,False,401.5,445.0,True,False,0.2066,0.1993,True,False,74.45,76.4,False,False,20.0,17.77,True,False,0.2017,0.1993,True,False,0.24,0.2,True,False,4800.0,5400.0,True,True,1.0,1.0,True,False,4800.0,5400.0,True,False,-1.0134,-0.1811,True,False,74.45,76.4,True,False,0.0,0.6667
PL61,True,False,92.97,93.915,True,False,401.5,423.0,True,False,0.36,0.48,True,False,401.5,423.0,True,False,0.2066,0.1993,True,False,74.45,76.4,False,False,20.0,17.77,True,False,0.2017,0.1993,True,False,0.24,0.2,True,False,4800.0,5400.0,True,True,1.0,1.0,True,False,4800.0,5400.0,True,False,-1.0134,-0.5039,True,False,74.45,76.4,True,False,0.0,0.6667
PL62,True,False,92.97,93.915,True,False,401.5,426.0,True,False,0.36,0.48,True,False,401.5,426.0,True,False,0.2066,0.1993,True,False,74.45,76.4,False,False,20.0,17.77,True,False,0.2017,0.1993,True,False,0.24,0.2,True,False,4800.0,5400.0,True,True,1.0,1.0,True,False,4800.0,5400.0,True,False,-1.0134,-0.6701,True,False,74.45,76.4,True,False,0.0,0.6667
PL63,True,False,92.97,93.915,True,False,401.5,543.0,True,False,0.36,0.48,True,False,401.5,543.0,True,False,0.2066,0.1993,True,False,74.45,76.4,False,False,20.0,17.77,True,False,0.2017,0.1993,True,False,0.24,0.2,True,False,4800.0,5400.0,True,True,1.0,1.0,True,False,4800.0,5400.0,True,False,-1.0134,1.0774,True,False,74.45,76.4,True,False,0.0,0.6667
PL71,True,False,92.97,93.915,True,False,401.5,480.0,True,False,0.36,0.48,True,False,401.5,480.0,True,False,0.2066,0.1993,True,False,74.45,76.4,False,False,20.0,17.77,True,False,0.2017,0.1993,True,False,0.24,0.2,True,False,4800.0,5400.0,True,True,1.0,1.0,True,False,4800.0,5400.0,True,False,-1.0134,0.3067,True,False,74.45,76.4,True,False,0.0,0.6667
PL72,True,False,92.97,93.915,True,False,401.5,454.0,True,False,0.36,0.48,True,False,401.5,454.0,True,False,0.2066,0.1993,True,False,74.45,76.4,False,False,20.0,17.77,True,False,0.2017,0.1993,True,False,0.24,0.2,True,False,4800.0,5400.0,True,True,1.0,1.0,True,False,4800.0,5400.0,True,False,-1.0134,-0.062,True,False,74.45,76.4,True,False,0.0,0.6667
PL81,True,False,92.97,93.915,True,False,401.5,454.0,True,False,0.36,0.48,True,False,401.5,454.0,True,False,0.2066,0.1993,True,False,74.45,76.4,False,False,20.0,17.77,True,False,0.2017,0.1993,True,False,0.24,0.2,True,False,4800.0,5400.0,True,True,1.0,1.0,True,False,4800.0,5400.0,True,False,-1.0134,-0.0806,True,False,74.45,76.4,True,False,0.0,0.6667
PL82,True,False,92.97,93.915,True,False,401.5,458.0,True,False,0.36,0.48,True,False,401.5,458.0,True,False,0.2066,0.1993,True,False,74.45,76.4,False,False,20.0,17.77,True,False,0.2017,0.1993,True,False,0.24,0.2,True,False,4800.0,5400.0,True,True,1.0,1.0,True,False,4800.0,5400.0,True,False,-1.0134,-0.4584,True,False,74.45,76.4,True,False,0.0,0.6667
PL84,True,False,92.97,93.915,True,False,401.5,467.0,True,False,0.36,0.48,True,False,401.5,467.0,True,False,0.2066,0.1993,True,False,74.45,76.4,False,False,20.0,17.77,True,False,0.2017,0.1993,True,False,0.24,0.2,True,False,4800.0,5400.0,True,True,1.0,1.0,True,False,4800.0,5400.0,True,False,-1.0134,0.0323,True,False,74.45,76.4,True,False,0.0,0.6667
PL91,True,False,92.97,93.915,True,False,401.5,741.0,True,False,0.36,0.48,True,False,401.5,741.0,True,False,0.2066,0.1993,True,False,74.45,76.4,False,False,20.0,17.77,True,False,0.2017,0.1993,True,False,0.24,0.2,True,False,4800.0,5400.0,True,True,1.0,1.0,True,False,4800.0,5400.0,True,False,-1.0134,4.023,True,False,74.45,76.4,True,False,0.0,0.6667
PL92,True,False,92.97,93.915,True,False,401.5,405.0,True,False,0.36,0.48,True,False,401.5,405.0,True,False,0.2066,0.1993,True,False,74.45,76.4,False,False,20.0,17.77,True,False,0.2017,0.1993,True,False,0.24,0.2,True,False,4800.0,5400.0,True,True,1.0,1.0,True,False,4800.0,5400.0,True,False,-1.0134,-0.6365,True,False,74.45,76.4,True,False,0.0,0.6667
PT11,False,False,92.97,88.605,True,False,401.5,410.0,True,False,0.36,0.51,True,False,401.5,410.0,True,False,0.2066,0.1397,True,False,74.45,76.5,True,False,20.0,36.319,True,False,0.2017,0.1397,True,False,0.24,0.24,False,False,4800.0,3000.0,False,True,1.0,0.0,False,False,4800.0,3000.0,True,False,-1.0134,-0.6676,True,False,74.45,76.5,True,False,0.0,0.3333
PT15,False,False,92.97,89.635,False,False,401.5,371.0,True,False,0.36,0.51,False,False,401.5,371.0,True,False,0.2066,0.1397,True,False,74.45,76.5,True,False,20.0,36.319,True,False,0.2017,0.1397,True,False,0.24,0.24,False,False,4800.0,3000.0,False,True,1.0,0.0,False,False,4800.0,3000.0,True,False,-1.0134,-0.8426,True,False,74.45,76.5,True,False,0.0,0.3333
PT16,False,False,92.97,88.845,False,False,401.5,352.5,True,False,0.36,0.51,False,False,401.5,352.5,True,False,0.2066,0.1397,True,False,74.45,76.5,True,False,20.0,36.319,True,False,0.2017,0.1397,True,False,0.24,0.24,False,False,4800.0,3000.0,False,True,1.0,0.0,False,False,4800.0,3000.0,False,False,-1.0134,-1.2483,True,False,74.45,76.5,True,False,0.0,0.3333
PT17,True,False,92.97,93.415,False,False,401.5,352.5,True,False,0.36,0.51,False,False,401.5,352.5,True,False,0.2066,0.1397,True,False,74.45,76.5,True,False,20.0,36.319,True,False,0.2017,0.1397,True,False,0.24,0.24,False,False,4800.0,3000.0,False,True,1.0,0.0,False,False,4800.0,3000.0,False,False,-1.0134,-1.2483,True,False,74.45,76.5,True,False,0.0,0.3333
PT18,False,False,92.97,87.64,False,False,401.5,352.5,True,False,0.36,0.51,False,False,401.5,352.5,True,False,0.2066,0.1397,True,False,74.45,76.5,True,False,20.0,36.319,True,False,0.2017,0.1397,True,False,0.24,0.24,False,False,4800.0,3000.0,False,True,1.0,0.0,False,False,4800.0,3000.0,False,False,-1.0134,-1.2483,True,False,74.45,76.5,True,False,0.0,0.3333
PT20,False,False,92.97,92.675,False,False,401.5,302.0,True,False,0.36,0.51,False,False,401.5,302.0,True,False,0.2066,0.1397,True,False,74.45,76.5,True,False,20.0,36.319,True,False,0.2017,0.1397,True,False,0.24,0.24,False,False,4800.0,3000.0,False,True,1.0,0.0,False,False,4800.0,3000.0,False,False,-1.0134,-2.1543,True,False,74.45,76.5,True,False,0.0,0.3333
PT30,False,False,92.97,91.7,False,False,401.5,334.0,True,False,0.36,0.51,False,False,401.5,334.0,True,False,0.2066,0.1397,True,False,74.45,76.5,True,False,20.0,36.319,True,False,0.2017,0.1397,True,False,0.24,0.24,False,False,4800.0,3000.0,False,True,1.0,0.0,False,False,4800.0,3000.0,False,False,-1.0134,-1.522,True,False,74.45,76.5,True,False,0.0,0.3333
RO11,True,False,92.97,94.525,False,False,401.5,286.0,False,False,0.36,0.04,False,False,401.5,286.0,True,False,0.2066,0.1863,False,False,74.45,73.3,True,False,20.0,25.378,True,False,0.2017,0.1863,True,False,0.24,0.14,True,False,4800.0,4800.0,True,True,1.0,1.0,True,False,4800.0,4800.0,False,False,-1.0134,-2.6173,False,False,74.45,73.3,False,False,0.0,0.0
RO12,True,False,92.97,94.605,False,False,401.5,321.0,False,False,0.36,0.04,False,False,401.5,321.0,True,False,0.2066,0.1863,False,False,74.45,73.3,True,False,20.0,25.378,True,False,0.2017,0.1863,True,False,0.24,0.14,True,False,4800.0,4800.0,True,True,1.0,1.0,True,False,4800.0,4800.0,False,False,-1.0134,-2.3779,False,False,74.45,73.3,False,False,0.0,0.0
RO21,True,False,92.97,93.14,False,False,401.5,224.0,False,False,0.36,0.04,False,False,401.5,224.0,True,False,0.2066,0.1863,False,False,74.45,73.3,True,False,20.0,25.378,True,False,0.2017,0.1863,True,False,0.24,0.14,True,False,4800.0,4800.0,True,True,1.0,1.0,True,False,4800.0,4800.0,False,False,-1.0134,-3.4547,False,False,74.45,73.3,False,False,0.0,0.0
RO22,False,False,92.97,91.675,False,False,401.5,247.0,False,False,0.36,0.04,False,False,401.5,247.0,True,False,0.2066,0.1863,False,False,74.45,73.3,True,False,20.0,25.378,True,False,0.2017,0.1863,True,False,0.24,0.14,True,False,4800.0,4800.0,True,True,1.0,1.0,True,False,4800.0,4800.0,False,False,-1.0134,-3.6033,False,False,74.45,73.3,False,False,0.0,0.0
RO31,False,False,92.97,92.585,False,False,401.5,230.0,False,False,0.36,0.04,False,False,401.5,230.0,True,False,0.2066,0.1863,False,False,74.45,73.3,True,False,20.0,25.378,True,False,0.2017,0.1863,True,False,0.24,0.14,True,False,4800.0,4800.0,True,True,1.0,1.0,True,False,4800.0,4800.0,False,False,-1.0134,-3.3513,False,False,74.45,73.3,False,False,0.0,0.0
RO32,True,False,92.97,96.89,True,False,401.5,514.0,False,False,0.36,0.04,True,False,401.5,514.0,True,False,0.2066,0.1863,False,False,74.45,73.3,True,False,20.0,25.378,True,False,0.2017,0.1863,True,False,0.24,0.14,True,False,4800.0,4800.0,True,True,1.0,1.0,True,False,4800.0,4800.0,True,False,-1.0134,0.7649,False,False,74.45,73.3,False,False,0.0,0.0
RO41,False,False,92.97,92.57,False,False,401.5,279.0,False,False,0.36,0.04,False,False,401.5,279.0,True,False,0.2066,0.1863,False,False,74.45,73.3,True,False,20.0,25.378,True,False,0.2017,0.1863,True,False,0.24,0.14,True,False,4800.0,4800.0,True,True,1.0,1.0,True,False,4800.0,4800.0,False,False,-1.0134,-3.2354,False,False,74.45,73.3,False,False,0.0,0.0
RO42,True,False,92.97,94.585,False,False,401.5,290.0,False,False,0.36,0.04,False,False,401.5,290.0,True,False,0.2066,0.1863,False,False,74.45,73.3,True,False,20.0,25.378,True,False,0.2017,0.1863,True,False,0.24,0.14,True,False,4800.0,4800.0,True,True,1.0,1.0,True,False,4800.0,4800.0,False,False,-1.0134,-2.737,False,False,74.45,73.3,False,False,0.0,0.0
SE11,True,False,92.97,95.425,True,False,401.5,690.0,True,False,0.36,0.79,True,False,401.5,690.0,True,False,0.2066,0.1111,True,False,74.45,82.0,True,False,20.0,62.846,True,False,0.2017,0.1111,True,False,0.24,0.03,True,False,4800.0,9200.0,True,True,1.0,1.0,True,False,4800.0,9200.0,True,False,-1.0134,3.1838,True,False,74.45,82.0,True,False,0.0,1.0
SE12,True,False,92.97,95.77,True,False,401.5,569.0,True,False,0.36,0.79,True,False,401.5,569.0,True,False,0.2066,0.1111,True,False,74.45,82.0,True,False,20.0,62.846,True,False,0.2017,0.1111,True,False,0.24,0.03,True,False,4800.0,9200.0,True,True,1.0,1.0,True,False,4800.0,9200.0,True,False,-1.0134,1.4246,True,False,74.45,82.0,True,False,0.0,1.0
SE21,True,False,92.97,94.415,True,False,401.5,525.0,True,False,0.36,0.79,True,False,401.5,525.0,True,False,0.2066,0.1111,True,False,74.45,82.0,True,False,20.0,62.846,True,False,0.2017,0.1111,True,False,0.24,0.03,True,False,4800.0,9200.0,True,True,1.0,1.0,True,False,4800.0,9200.0,True,False,-1.0134,1.1488,True,False,74.45,82.0,True,False,0.0,1.0
SE22,True,False,92.97,94.98,True,False,401.5,602.0,True,False,0.36,0.79,True,False,401.5,602.0,True,False,0.2066,0.1111,True,False,74.45,82.0,True,False,20.0,62.846,True,False,0.2017,0.1111,True,False,0.24,0.03,True,False,4800.0,9200.0,True,True,1.0,1.0,True,False,4800.0,9200.0,True,False,-1.0134,1.9806,True,False,74.45,82.0,True,False,0.0,1.0
SE23,True,False,92.97,93.13,True,False,401.5,581.0,True,False,0.36,0.79,True,False,401.5,581.0,True,False,0.2066,0.1111,True,False,74.45,82.0,True,False,20.0,62.846,True,False,0.2017,0.1111,True,False,0.24,0.03,True,False,4800.0,9200.0,True,True,1.0,1.0,True,False,4800.0,9200.0,True,False,-1.0134,1.8733,True,False,74.45,82.0,True,False,0.0,1.0
SE31,True,False,92.97,93.365,True,False,401.5,524.0,True,False,0.36,0.79,True,False,401.5,524.0,True,False,0.2066,0.1111,True,False,74.45,82.0,True,False,20.0,62.846,True,False,0.2017,0.1111,True,False,0.24,0.03,True,False,4800.0,9200.0,True,True,1.0,1.0,True,False,4800.0,9200.0,True,False,-1.0134,0.9296,True,False,74.45,82.0,True,False,0.0,1.0
SE32,True,False,92.97,93.29,True,False,401.5,531.0,True,False,0.36,0.79,True,False,401.5,531.0,True,False,0.2066,0.1111,True,False,74.45,82.0,True,False,20.0,62.846,True,False,0.2017,0.1111,True,False,0.24,0.03,True,False,4800.0,9200.0,True,True,1.0,1.0,True,False,4800.0,9200.0,True,False,-1.0134,1.1897,True,False,74.45,82.0,True,False,0.0,1.0
SE33,False,False,92.97,89.125,True,False,401.5,566.0,True,False,0.36,0.79,True,False,401.5,566.0,True,False,0.2066,0.1111,True,False,74.45,82.0,True,False,20.0,62.846,True,False,0.2017,0.1111,True,False,0.24,0.03,True,False,4800.0,9200.0,True,True,1.0,1.0,True,False,4800.0,9200.0,True,False,-1.0134,1.679,True,False,74.45,82.0,True,False,0.0,1.0
SI03,True,False,92.97,95.54,True,False,401.5,438.0,False,False,0.36,0.3,True,False,401.5,438.0,True,False,0.2066,0.1588,True,False,74.45,74.9,True,False,20.0,25.001,True,False,0.2017,0.1588,True,False,0.24,0.06,False,False,4800.0,3100.0,True,True,1.0,1.0,False,False,4800.0,3100.0,True,False,-1.0134,-0.485,True,False,74.45,74.9,True,False,0.0,0.3333
SI04,True,False,92.97,97.64,True,False,401.5,517.0,False,False,0.36,0.3,True,False,401.5,517.0,True,False,0.2066,0.1588,True,False,74.45,74.9,True,False,20.0,25.001,True,False,0.2017,0.1588,True,False,0.24,0.06,False,False,4800.0,3100.0,True,True,1.0,1.0,False,False,4800.0,3100.0,True,False,-1.0134,0.6715,True,False,74.45,74.9,True,False,0.0,0.3333
SK01,True,False,92.97,98.07,True,False,401.5,718.0,False,False,0.36,0.23,True,False,401.5,718.0,False,False,0.2066,0.2066,True,False,74.45,75.6,False,False,20.0,18.092,False,False,0.2017,0.2066,True,False,0.24,0.13,False,False,4800.0,3400.0,True,True,1.0,1.0,False,False,4800.0,3400.0,True,False,-1.0134,3.1119,True,False,74.45,75.6,True,False,0.0,0.3333
SK02,True,False,92.97,94.64,True,False,401.5,403.0,False,False,0.36,0.23,True,False,401.5,403.0,False,False,0.2066,0.2066,True,False,74.45,75.6,False,False,20.0,18.092,False,False,0.2017,0.2066,True,False,0.24,0.13,False,False,4800.0,3400.0,True,True,1.0,1.0,False,False,4800.0,3400.0,True,False,-1.0134,-0.9091,True,False,74.45,75.6,True,False,0.0,0.3333
SK03,True,False,92.97,95.255,False,False,401.5,396.0,False,False,0.36,0.23,False,False,401.5,396.0,False,False,0.2066,0.2066,True,False,74.45,75.6,False,False,20.0,18.092,False,False,0.2017,0.2066,True,False,0.24,0.13,False,False,4800.0,3400.0,True,True,1.0,1.0,False,False,4800.0,3400.0,True,False,-1.0134,-0.9429,True,False,74.45,75.6,True,False,0.0,0.3333
SK04,True,False,92.97,93.52,False,False,401.5,387.0,False,False,0.36,0.23,False,False,401.5,387.0,False,False,0.2066,0.2066,True,False,74.45,75.6,False,False,20.0,18.092,False,False,0.2017,0.2066,True,False,0.24,0.13,False,False,4800.0,3400.0,True,True,1.0,1.0,False,False,4800.0,3400.0,False,False,-1.0134,-1.3857,True,False,74.45,75.6,True,False,0.0,0.3333
