,scenario_T1,n_gates_T1,gates_passed_T1,scenario_T2,n_gates_T2,gates_passed_T2,scenario_T3,n_gates_T3,gates_passed_T3,scenario_T4,n_gates_T4,gates_passed_T4,scenario_T5,n_gates_T5,gates_passed_T5,scenario_T6,n_gates_T6,gates_passed_T6,scenario_T7,n_gates_T7,gates_passed_T7,scenario_T8,n_gates_T8,gates_passed_T8
AT11,none,2,2,none,2,2,none,2,2,A_near_term,1,1,none,3,3,none,2,1,none,2,2,none,1,1
AT12,none,2,2,none,2,2,none,2,2,B_medium_term,1,1,none,3,3,none,2,1,none,2,2,none,1,1
AT13,B_medium_term,2,2,A_near_term,2,2,none,2,2,none,1,1,none,3,3,none,2,1,B_medium_term,2,2,none,1,1
AT21,none,2,2,none,2,2,none,2,2,A_near_term,1,1,none,3,3,none,2,1,B_medium_term,2,2,none,1,1
AT22,none,2,1,none,2,2,none,2,2,B_medium_term,1,1,none,3,3,none,2,1,B_medium_term,2,2,none,1,1
AT31,none,2,1,none,2,2,none,2,2,B_medium_term,1,1,none,3,3,none,2,1,none,2,2,none,1,1
AT32,none,2,2,none,2,2,none,2,2,B_medium_term,1,1,none,3,3,none,2,1,none,2,2,none,1,1
AT33,none,2,1,none,2,2,none,2,2,B_medium_term,1,1,none,3,3,none,2,1,none,2,2,none,1,1
AT34,none,2,2,none,2,2,none,2,2,B_medium_term,1,1,B_medium_term,3,3,none,2,1,none,2,2,B_medium_term,1,1
BE10,B_medium_term,2,2,B_medium_term,2,2,B_medium_term,2,1,none,1,0,none,3,2,B_medium_term,2,2,none,2,1,none,1,1
BE21,none,2,2,none,2,2,none,2,1,none,1,0,none,3,2,A_near_term,2,2,none,2,1,none,1,1
BE22,none,2,2,none,2,2,none,2,1,none,1,0,none,3,2,B_medium_term,2,2,none,2,1,none,1,1
BE23,none,2,2,none,2,2,none,2,1,none,1,0,none,3,2,B_medium_term,2,2,none,2,1,none,1,1
BE24,A_near_term,2,2,A_near_term,2,2,none,2,1,none,1,0,none,3,2,B_medium_term,2,2,B_medium_term,2,1,B_medium_term,1,1
BE25,none,2,2,none,2,2,none,2,1,none,1,0,none,3,2,B_medium_term,2,2,none,2,1,none,1,1
BE31,A_near_term,2,2,A_near_term,2,2,C_long_term,2,1,none,1,0,none,3,2,B_medium_term,2,2,C_long_term,2,1,B_medium_term,1,1
BE32,none,2,2,none,2,2,none,2,1,none,1,0,none,3,2,B_medium_term,2,2,none,2,1,none,1,1
BE33,none,2,2,none,2,2,none,2,1,none,1,0,none,3,2,A_near_term,2,2,none,2,1,none,1,1
BE34,none,2,2,none,2,2,none,2,1,none,1,0,none,3,2,B_medium_term,2,2,none,2,1,none,1,1
BE35,none,2,1,none,2,2,none,2,1,none,1,0,none,3,2,B_medium_term,2,2,none,2,1,none,1,1
BG31,none,2,0,none,2,0,none,2,1,A_near_term,1,1,none,3,1,none,2,1,none,2,0,none,1,0
BG32,none,2,0,none,2,0,none,2,1,B_medium_term,1,1,none,3,1,none,2,1,none,2,1,none,1,0
BG33,none,2,1,none,2,1,none,2,1,A_near_term,1,1,none,3,1,none,2,1,none,2,1,none,1,0
BG34,none,2,1,none,2,1,none,2,1,A_near_term,1,1,none,3,1,none,2,1,none,2,1,none,1,0
BG41,none,2,2,none,2,1,none,2,1,A_near_term,1,1,none,3,1,none,2,1,none,2,1,none,1,0
BG42,none,2,0,none,2,0,none,2,1,A_near_term,1,1,none,3,1,none,2,1,none,2,0,none,1,0
CY00,none,2,2,none,2,1,none,2,1,none,1,1,none,3,1,none,2,0,none,2,1,none,1,0
CZ01,A_near_term,2,2,C_long_term,2,1,B_medium_term,2,1,none,1,0,none,3,2,none,2,2,B_medium_term,2,2,B_medium_term,1,1
CZ02,none,2,2,none,2,1,none,2,1,C_long_term,1,0,none,3,2,none,2,2,none,2,2,none,1,1
CZ03,none,2,1,none,2,0,none,2,1,C_long_term,1,0,none,3,2,none,2,2,none,2,2,none,1,1
CZ04,none,2,1,none,2,0,none,2,1,C_long_term,1,0,none,3,2,none,2,2,none,2,1,none,1,1
CZ05,none,2,1,none,2,0,none,2,1,C_long_term,1,0,none,3,2,none,2,2,none,2,1,none,1,1
CZ06,none,2,2,none,2,1,none,2,1,C_long_term,1,0,none,3,2,none,2,2,none,2,2,none,1,1
CZ07,none,2,1,none,2,0,none,2,1,B_medium_term,1,0,none,3,2,none,2,2,none,2,2,none,1,1
CZ08,none,2,2,none,2,1,none,2,1,C_long_term,1,0,none,3,2,none,2,2,none,2,2,none,1,1
DE11,A_near_term,2,2,B_medium_term,2,2,none,2,1,none,1,1,none,3,2,none,2,1,A_near_term,2,2,A_near_term,1,1
DE12,A_near_term,2,2,A_near_term,2,2,none,2,1,none,1,1,none,3,2,none,2,1,B_medium_term,2,2,A_near_term,1,1
DE13,B_medium_term,2,2,B_medium_term,2,2,B_medium_term,2,1,none,1,1,none,3,2,none,2,1,B_medium_term,2,2,A_near_term,1,1
DE14,B_medium_term,2,2,B_medium_term,2,2,B_medium_term,2,1,none,1,1,none,3,2,none,2,1,A_near_term,2,2,A_near_term,1,1
DE21,A_near_term,2,2,A_near_term,2,2,B_medium_term,2,1,none,1,1,none,3,2,none,2,1,A_near_term,2,2,A_near_term,1,1
DE22,none,2,2,none,2,2,none,2,1,none,1,1,none,3,2,none,2,1,none,2,2,A_near_term,1,1
DE23,B_medium_term,2,2,none,2,2,B_medium_term,2,1,none,1,1,none,3,2,none,2,1,B_medium_term,2,2,A_near_term,1,1
DE24,none,2,2,none,2,2,none,2,1,none,1,1,none,3,2,none,2,1,none,2,2,A_near_term,1,1
DE25,A_near_term,2,2,B_medium_term,2,2,none,2,1,none,1,1,none,3,2,none,2,1,B_medium_term,2,2,A_near_term,1,1
DE26,none,2,2,none,2,2,none,2,1,none,1,1,none,3,2,none,2,1,none,2,2,A_near_term,1,1
DE27,none,2,2,none,2,2,none,2,1,none,1,1,none,3,2,none,2,1,none,2,2,A_near_term,1,1
DE30,A_near_term,2,2,A_near_term,2,2,B_medium_term,2,1,none,1,1,B_medium_term,3,2,none,2,1,B_medium_term,2,2,A_near_term,1,1
DE40,none,2,2,none,2,2,none,2,1,B_medium_term,1,1,none,3,2,none,2,1,none,2,2,B_medium_term,1,1
DE50,none,2,2,none,2,2,none,2,1,none,1,1,B_medium_term,3,2,none,2,1,none,2,2,A_near_term,1,1
DE60,B_medium_term,2,2,B_medium_term,2,2,none,2,1,none,1,1,none,3,2,none,2,1,none,2,2,A_near_term,1,1
DE71,B_medium_term,2,2,B_medium_term,2,2,none,2,1,none,1,1,none,3,2,none,2,1,B_medium_term,2,2,A_near_term,1,1
DE72,none,2,2,none,2,2,none,2,1,none,1,1,none,3,2,none,2,1,none,2,2,A_near_term,1,1
DE73,none,2,2,none,2,2,none,2,1,none,1,1,none,3,2,none,2,1,none,2,2,A_near_term,1,1
DE80,none,2,2,none,2,2,none,2,1,none,1,1,none,3,2,none,2,1,none,2,2,B_medium_term,1,1
DE91,B_medium_term,2,2,none,2,2,none,2,1,none,1,1,none,3,2,none,2,1,none,2,2,A_near_term,1,1
DE92,none,2,2,none,2,2,none,2,1,none,1,1,none,3,2,none,2,1,none,2,2,A_near_term,1,1
DE93,none,2,2,none,2,2,none,2,1,none,1,1,none,3,2,none,2,1,none,2,2,A_near_term,1,1
DE94,none,2,2,none,2,2,none,2,1,none,1,1,none,3,2,none,2,1,none,2,2,B_medium_term,1,1
DEA1,none,2,2,none,2,2,none,2,1,none,1,1,none,3,2,none,2,1,none,2,2,A_near_term,1,1
DEA2,B_medium_term,2,2,B_medium_term,2,2,none,2,1,none,1,1,none,3,2,none,2,1,none,2,2,A_near_term,1,1
DEA3,none,2,2,none,2,2,none,2,1,none,1,1,none,3,2,none,2,1,none,2,2,A_near_term,1,1
DEA4,none,2,2,none,2,2,none,2,1,none,1,1,none,3,2,none,2,1,none,2,2,A_near_term,1,1
DEA5,none,2,2,none,2,2,none,2,1,none,1,1,none,3,2,none,2,1,none,2,2,A_near_term,1,1
DEB1,none,2,2,none,2,2,none,2,1,none,1,1,none,3,2,none,2,1,none,2,2,B_medium_term,1,1
DEB2,none,2,2,none,2,2,none,2,1,none,1,1,none,3,2,none,2,1,none,2,2,B_medium_term,1,1
DEB3,A_near_term,2,2,B_medium_term,2,2,none,2,1,none,1,1,none,3,2,none,2,1,B_medium_term,2,2,A_near_term,1,1
DEC0,none,2,2,none,2,2,none,2,1,none,1,1,none,3,2,none,2,1,none,2,2,B_medium_term,1,1
DED2,none,2,2,none,2,2,none,2,1,none,1,1,none,3,2,none,2,1,none,2,2,A_near_term,1,1
DED4,none,2,2,none,2,2,none,2,1,none,1,1,none,3,2,none,2,1,none,2,2,B_medium_term,1,1
DED5,none,2,2,none,2,2,none,2,1,none,1,1,none,3,2,none,2,1,none,2,2,A_near_term,1,1
DEE0,none,2,2,none,2,2,none,2,1,none,1,1,none,3,2,none,2,1,none,2,2,B_medium_term,1,1
DEF0,none,2,2,none,2,2,none,2,1,none,1,1,none,3,2,none,2,1,none,2,2,A_near_term,1,1
DEG0,none,2,2,none,2,2,none,2,1,none,1,1,none,3,2,none,2,1,none,2,2,A_near_term,1,1
DK01,A_near_term,2,2,A_near_term,2,2,A_near_term,2,2,none,1,1,B_medium_term,3,3,none,2,1,A_near_term,2,2,A_near_term,1,1
DK02,none,2,2,B_medium_term,2,2,B_medium_term,2,2,B_medium_term,1,1,B_medium_term,3,3,none,2,1,B_medium_term,2,2,none,1,1
DK03,B_medium_term,2,1,B_medium_term,2,2,none,2,2,none,1,1,B_medium_term,3,3,none,2,1,none,2,2,none,1,1
DK04,A_near_term,2,2,A_near_term,2,2,none,2,2,none,1,1,B_medium_term,3,3,none,2,1,B_medium_term,2,2,B_medium_term,1,1
DK05,none,2,1,B_medium_term,2,2,none,2,2,none,1,1,none,3,3,none,2,1,B_medium_term,2,2,none,1,1
EE00,none,2,2,B_medium_term,2,2,B_medium_term,2,2,B_medium_term,1,1,B_medium_term,3,2,none,2,0,none,2,2,none,1,1
EL30,none,2,2,none,2,2,none,2,2,none,1,1,none,3,3,none,2,1,none,2,2,none,1,0
EL41,none,2,1,none,2,1,none,2,2,B_medium_term,1,1,none,3,3,none,2,1,none,2,1,none,1,0
EL42,none,2,1,none,2,1,none,2,2,A_near_term,1,1,none,3,3,none,2,1,none,2,1,none,1,0
EL43,none,2,1,none,2,1,none,2,2,B_medium_term,1,1,none,3,3,none,2,1,none,2,1,none,1,0
EL51,none,2,1,none,2,1,none,2,2,none,1,1,none,3,3,none,2,1,none,2,1,none,1,0
EL52,none,2,2,none,2,2,none,2,2,none,1,1,none,3,3,none,2,1,none,2,2,none,1,0
EL53,none,2,1,none,2,1,none,2,2,A_near_term,1,1,none,3,3,none,2,1,none,2,1,none,1,0
EL54,none,2,1,none,2,1,none,2,2,B_medium_term,1,1,none,3,3,none,2,1,none,2,1,none,1,0
EL61,none,2,1,none,2,1,none,2,2,B_medium_term,1,1,none,3,3,none,2,1,none,2,1,none,1,0
EL62,none,2,1,none,2,1,none,2,2,B_medium_term,1,1,none,3,3,none,2,1,none,2,1,none,1,0
EL63,none,2,1,none,2,1,none,2,2,none,1,1,none,3,3,none,2,1,none,2,1,none,1,0
EL64,none,2,1,none,2,1,none,2,2,B_medium_term,1,1,none,3,3,none,2,1,none,2,1,none,1,0
EL65,none,2,1,none,2,1,none,2,2,B_medium_term,1,1,none,3,3,none,2,1,none,2,1,none,1,0
ES11,none,2,2,none,2,2,none,2,2,none,1,1,none,3,1,none,2,0,none,2,2,none,1,1
ES12,none,2,2,none,2,2,none,2,2,none,1,1,none,3,1,none,2,0,none,2,2,B_medium_term,1,1
ES13,none,2,2,none,2,2,none,2,2,none,1,1,none,3,1,none,2,0,none,2,2,B_medium_term,1,1
ES21,B_medium_term,2,2,none,2,2,none,2,2,none,1,1,none,3,1,none,2,0,none,2,2,B_medium_term,1,1
ES22,none,2,2,none,2,2,none,2,2,none,1,1,none,3,1,none,2,0,none,2,2,B_medium_term,1,1
ES23,none,2,2,none,2,2,none,2,2,none,1,1,none,3,1,none,2,0,none,2,2,none,1,1
ES24,none,2,2,none,2,2,none,2,2,none,1,1,none,3,1,none,2,0,none,2,2,B_medium_term,1,1
ES30,B_medium_term,2,2,none,2,2,none,2,2,none,1,1,none,3,1,none,2,0,none,2,2,B_medium_term,1,1
ES41,none,2,2,none,2,2,none,2,2,none,1,1,none,3,1,none,2,0,none,2,2,none,1,1
ES42,none,2,1,none,2,1,none,2,2,A_near_term,1,1,none,3,1,none,2,0,none,2,2,none,1,1
ES43,none,2,2,none,2,2,none,2,2,A_near_term,1,1,none,3,1,none,2,0,none,2,2,none,1,1
ES51,none,2,2,none,2,2,none,2,2,none,1,1,none,3,1,none,2,0,none,2,2,A_near_term,1,1
ES52,none,2,2,none,2,2,none,2,2,A_near_term,1,1,none,3,1,none,2,0,none,2,2,none,1,1
ES53,none,2,2,none,2,2,none,2,2,none,1,1,none,3,1,none,2,0,none,2,2,none,1,1
ES61,none,2,2,none,2,2,none,2,2,A_near_term,1,1,none,3,1,none,2,0,none,2,2,none,1,1
ES62,none,2,2,none,2,2,none,2,2,A_near_term,1,1,none,3,1,none,2,0,none,2,2,none,1,1
ES63,none,2,1,none,2,1,none,2,2,A_near_term,1,1,none,3,1,none,2,0,none,2,1,none,1,1
ES64,none,2,1,none,2,1,none,2,2,A_near_term,1,1,none,3,1,none,2,0,none,2,1,none,1,1
ES70,none,2,2,none,2,2,none,2,2,A_near_term,1,1,none,3,1,none,2,0,none,2,2,none,1,1
FI19,A_near_term,2,2,B_medium_term,2,2,A_near_term,2,2,A_near_term,1,1,A_near_term,3,3,B_medium_term,2,2,none,2,2,A_near_term,1,1
FI1B,A_near_term,2,2,A_near_term,2,2,A_near_term,2,2,A_near_term,1,1,A_near_term,3,3,B_medium_term,2,2,A_near_term,2,2,A_near_term,1,1
FI1C,B_medium_term,2,2,B_medium_term,2,2,A_near_term,2,2,A_near_term,1,1,A_near_term,3,3,B_medium_term,2,2,none,2,2,A_near_term,1,1
FI1D,B_medium_term,2,2,B_medium_term,2,2,A_near_term,2,2,A_near_term,1,1,A_near_term,3,3,B_medium_term,2,2,none,2,2,A_near_term,1,1
FI20,none,2,2,none,2,2,B_medium_term,2,2,B_medium_term,1,1,A_near_term,3,3,none,2,2,none,2,2,A_near_term,1,1
FR10,A_near_term,2,2,A_near_term,2,2,B_medium_term,2,2,none,1,1,none,3,3,B_medium_term,2,2,B_medium_term,2,2,A_near_term,1,1
FRB0,none,2,1,none,2,2,B_medium_term,2,2,none,1,1,none,3,3,A_near_term,2,2,none,2,2,B_medium_term,1,1
FRC1,none,2,1,none,2,2,none,2,2,none,1,1,none,3,3,A_near_term,2,2,none,2,2,none,1,1
FRC2,none,2,1,none,2,2,A_near_term,2,2,none,1,1,none,3,3,none,2,2,none,2,2,B_medium_term,1,1
FRD1,none,2,1,none,2,2,none,2,2,none,1,1,none,3,3,A_near_term,2,2,none,2,2,B_medium_term,1,1
FRD2,none,2,1,none,2,2,none,2,2,none,1,1,none,3,3,A_near_term,2,2,none,2,2,B_medium_term,1,1
FRE1,none,2,1,none,2,2,none,2,2,none,1,1,none,3,3,A_near_term,2,2,none,2,2,B_medium_term,1,1
FRE2,none,2,1,none,2,2,none,2,2,none,1,1,none,3,3,none,2,2,none,2,2,B_medium_term,1,1
FRF1,none,2,1,none,2,2,none,2,2,none,1,1,none,3,3,none,2,2,none,2,2,B_medium_term,1,1
FRF2,none,2,1,none,2,2,none,2,2,none,1,1,none,3,3,none,2,2,none,2,2,none,1,1
FRF3,none,2,1,none,2,2,none,2,2,none,1,1,none,3,3,A_near_term,2,2,none,2,2,B_medium_term,1,1
FRG0,none,2,1,none,2,2,none,2,2,none,1,1,none,3,3,none,2,2,none,2,2,B_medium_term,1,1
FRH0,none,2,1,none,2,2,none,2,2,none,1,1,none,3,3,none,2,2,none,2,2,B_medium_term,1,1
FRI1,none,2,1,none,2,2,none,2,2,none,1,1,none,3,3,A_near_term,2,2,none,2,2,A_near_term,1,1
FRI2,none,2,1,none,2,2,none,2,2,none,1,1,none,3,3,A_near_term,2,2,none,2,2,none,1,1
FRI3,none,2,1,none,2,2,none,2,2,none,1,1,none,3,3,none,2,2,none,2,2,B_medium_term,1,1
FRJ1,none,2,1,none,2,2,none,2,2,none,1,1,none,3,3,none,2,2,none,2,2,B_medium_term,1,1
FRJ2,none,2,1,B_medium_term,2,2,none,2,2,none,1,1,none,3,3,A_near_term,2,2,none,2,2,A_near_term,1,1
FRK1,none,2,1,none,2,2,none,2,2,none,1,1,none,3,3,none,2,2,none,2,2,B_medium_term,1,1
FRK2,none,2,1,none,2,2,B_medium_term,2,2,none,1,1,none,3,3,B_medium_term,2,2,none,2,2,A_near_term,1,1
FRL0,none,2,1,none,2,2,none,2,2,none,1,1,none,3,3,A_near_term,2,2,none,2,2,B_medium_term,1,1
FRM0,none,2,1,none,2,2,none,2,2,none,1,1,none,3,3,B_medium_term,2,2,none,2,2,none,1,1
FRY1,none,2,1,none,2,2,none,2,2,none,1,1,none,3,3,none,2,2,none,2,1,none,1,1
FRY2,none,2,1,none,2,2,none,2,2,none,1,1,none,3,3,none,2,2,none,2,2,none,1,1
FRY3,none,2,1,none,2,2,none,2,2,A_near_term,1,1,none,3,3,none,2,2,none,2,1,none,1,1
FRY4,none,2,1,none,2,2,none,2,2,A_near_term,1,1,none,3,3,none,2,2,none,2,1,none,1,1
FRY5,none,2,1,none,2,2,none,2,2,A_near_term,1,1,none,3,3,none,2,2,none,2,2,B_medium_term,1,1
HR02,none,2,1,none,2,1,none,2,1,A_near_term,1,1,none,3,2,none,2,1,none,2,0,none,1,0
HR03,none,2,2,none,2,2,none,2,1,A_near_term,1,1,none,3,2,none,2,1,none,2,1,none,1,0
HR05,B_medium_term,2,2,B_medium_term,2,2,B_medium_term,2,1,none,1,1,none,3,2,none,2,1,none,2,1,none,1,0
HR06,none,2,1,none,2,1,none,2,1,A_near_term,1,1,none,3,2,none,2,1,none,2,0,none,1,0
HU11,A_near_term,2,2,C_long_term,2,1,C_long_term,2,0,none,1,0,none,3,1,none,2,1,B_medium_term,2,1,none,1,1
HU12,none,2,2,none,2,1,none,2,0,none,1,0,none,3,1,none,2,1,none,2,1,none,1,1
HU21,none,2,1,none,2,0,none,2,0,none,1,0,none,3,1,none,2,1,none,2,0,none,1,1
HU22,none,2,1,none,2,0,none,2,0,none,1,0,none,3,1,none,2,1,none,2,1,none,1,1
HU23,none,2,1,none,2,0,none,2,0,none,1,0,none,3,1,none,2,1,none,2,0,none,1,1
HU31,none,2,1,none,2,0,none,2,0,none,1,0,none,3,1,none,2,1,none,2,0,none,1,1
HU32,none,2,1,none,2,0,none,2,0,none,1,0,none,3,1,none,2,1,none,2,0,none,1,1
HU33,none,2,1,none,2,0,none,2,0,none,1,0,none,3,1,none,2,1,none,2,0,none,1,1
IE04,none,2,2,none,2,1,B_medium_term,2,1,none,1,0,none,3,1,none,2,0,none,2,2,none,1,1
IE05,none,2,1,none,2,1,C_long_term,2,1,none,1,0,none,3,1,none,2,0,B_medium_term,2,2,none,1,1
IE06,A_near_term,2,2,C_long_term,2,1,C_long_term,2,1,none,1,0,none,3,1,none,2,0,B_medium_term,2,2,none,1,1
ITC1,none,2,0,none,2,1,none,2,1,none,1,0,none,3,1,none,2,1,none,2,0,B_medium_term,1,1
ITC2,none,2,1,none,2,1,none,2,1,none,1,0,none,3,1,none,2,1,none,2,0,none,1,1
ITC3,none,2,0,none,2,1,none,2,1,none,1,0,none,3,1,none,2,1,none,2,0,none,1,1
ITC4,none,2,2,none,2,2,none,2,1,none,1,0,none,3,1,none,2,1,none,2,0,B_medium_term,1,1
ITF1,none,2,0,none,2,1,none,2,1,none,1,0,none,3,1,none,2,1,none,2,0,none,1,1
ITF2,none,2,0,none,2,1,none,2,1,none,1,0,none,3,1,none,2,1,none,2,0,none,1,1
ITF3,none,2,0,none,2,1,none,2,1,none,1,0,none,3,1,none,2,1,none,2,0,none,1,1
ITF4,none,2,0,none,2,1,none,2,1,none,1,0,none,3,1,none,2,1,none,2,0,none,1,1
ITF5,none,2,0,none,2,1,none,2,1,none,1,0,none,3,1,none,2,1,none,2,0,none,1,1
ITF6,none,2,0,none,2,1,none,2,1,none,1,0,none,3,1,none,2,1,none,2,0,none,1,1
ITG1,none,2,0,none,2,1,none,2,1,none,1,0,none,3,1,none,2,1,none,2,0,none,1,1
ITG2,none,2,0,none,2,1,none,2,1,none,1,0,none,3,1,none,2,1,none,2,0,none,1,1
ITH1,none,2,1,none,2,1,none,2,1,none,1,0,none,3,1,none,2,1,none,2,0,B_medium_term,1,1
ITH2,none,2,1,none,2,1,none,2,1,none,1,0,none,3,1,none,2,1,none,2,0,B_medium_term,1,1
ITH3,none,2,1,none,2,1,none,2,1,none,1,0,none,3,1,none,2,1,none,2,0,B_medium_term,1,1
ITH4,none,2,2,none,2,2,none,2,1,none,1,0,none,3,1,none,2,1,none,2,0,B_medium_term,1,1
ITH5,none,2,2,none,2,2,none,2,1,none,1,0,none,3,1,none,2,1,none,2,0,A_near_term,1,1
ITI1,none,2,1,none,2,1,none,2,1,none,1,0,none,3,1,none,2,1,none,2,0,B_medium_term,1,1
ITI2,none,2,0,none,2,1,none,2,1,none,1,0,none,3,1,none,2,1,none,2,0,none,1,1
ITI3,none,2,0,none,2,1,none,2,1,none,1,0,none,3,1,none,2,1,none,2,0,none,1,1
ITI4,none,2,2,none,2,2,none,2,1,none,1,0,none,3,1,none,2,1,none,2,0,B_medium_term,1,1
LT01,A_near_term,2,2,A_near_term,2,2,A_near_term,2,2,none,1,1,none,3,2,none,2,0,B_medium_term,2,2,none,1,1
LT02,none,2,1,none,2,2,none,2,2,A_near_term,1,1,none,3,2,none,2,0,none,2,2,none,1,1
LU00,B_medium_term,2,2,B_medium_term,2,1,none,2,2,none,1,0,none,3,2,none,2,0,none,2,2,A_near_term,1,1
LV00,none,2,2,none,2,2,none,2,1,A_near_term,1,1,none,3,2,none,2,0,none,2,1,none,1,0
MT00,none,2,2,none,2,1,none,2,1,none,1,0,none,3,1,none,2,0,none,2,1,none,1,0
NL11,B_medium_term,2,2,none,2,2,none,2,2,none,1,1,none,3,2,none,2,2,none,2,2,B_medium_term,1,1
NL12,none,2,2,none,2,2,none,2,2,none,1,1,none,3,2,none,2,2,none,2,2,B_medium_term,1,1
NL13,none,2,2,none,2,2,none,2,2,none,1,1,none,3,2,none,2,2,none,2,2,B_medium_term,1,1
NL21,B_medium_term,2,2,none,2,2,none,2,2,none,1,1,none,3,2,none,2,2,none,2,2,B_medium_term,1,1
NL22,B_medium_term,2,2,none,2,2,none,2,2,none,1,1,none,3,2,none,2,2,none,2,2,B_medium_term,1,1
NL23,B_medium_term,2,2,B_medium_term,2,2,none,2,2,none,1,1,none,3,2,none,2,2,none,2,2,B_medium_term,1,1
NL31,B_medium_term,2,2,none,2,2,none,2,2,none,1,1,none,3,2,none,2,2,none,2,2,B_medium_term,1,1
NL32,A_near_term,2,2,B_medium_term,2,2,none,2,2,none,1,1,none,3,2,B_medium_term,2,2,none,2,2,B_medium_term,1,1
NL33,B_medium_term,2,2,none,2,2,none,2,2,none,1,1,none,3,2,none,2,2,none,2,2,B_medium_term,1,1
NL34,none,2,2,none,2,2,none,2,2,none,1,1,none,3,2,none,2,2,none,2,2,B_medium_term,1,1
NL41,A_near_term,2,2,B_medium_term,2,2,none,2,2,none,1,1,none,3,2,none,2,2,B_medium_term,2,2,A_near_term,1,1
NL42,B_medium_term,2,2,none,2,2,none,2,2,none,1,1,none,3,2,none,2,2,none,2,2,B_medium_term,1,1
PL21,none,2,2,none,2,2,none,2,2,none,1,0,none,3,3,none,2,2,none,2,2,none,1,1
PL22,none,2,2,none,2,2,none,2,2,none,1,0,none,3,3,none,2,2,none,2,2,none,1,1
PL41,none,2,2,none,2,2,none,2,2,none,1,0,none,3,3,none,2,2,none,2,2,none,1,1
PL42,none,2,2,none,2,2,none,2,2,none,1,0,none,3,3,none,2,2,none,2,2,none,1,1
PL43,none,2,2,none,2,2,none,2,2,none,1,0,none,3,3,none,2,2,none,2,2,none,1,1
PL51,none,2,2,none,2,2,none,2,2,none,1,0,none,3,3,none,2,2,none,2,2,none,1,1
PL52,none,2,2,none,2,2,none,2,2,none,1,0,none,3,3,none,2,2,none,2,2,none,1,1
PL61,none,2,2,none,2,2,none,2,2,none,1,0,none,3,3,none,2,2,none,2,2,none,1,1
PL62,none,2,2,none,2,2,none,2,2,none,1,0,none,3,3,none,2,2,none,2,2,none,1,1
PL63,none,2,2,none,2,2,none,2,2,none,1,0,none,3,3,none,2,2,none,2,2,none,1,1
PL71,none,2,2,none,2,2,none,2,2,none,1,0,none,3,3,none,2,2,none,2,2,none,1,1
PL72,none,2,2,none,2,2,none,2,2,none,1,0,none,3,3,none,2,2,none,2,2,none,1,1
PL81,none,2,2,none,2,2,none,2,2,none,1,0,none,3,3,none,2,2,none,2,2,none,1,1
PL82,none,2,2,none,2,2,none,2,2,none,1,0,none,3,3,none,2,2,none,2,2,none,1,1
PL84,none,2,2,none,2,2,none,2,2,none,1,0,none,3,3,none,2,2,none,2,2,none,1,1
PL91,A_near_term,2,2,A_near_term,2,2,B_medium_term,2,2,none,1,0,none,3,3,none,2,2,B_medium_term,2,2,A_near_term,1,1
PL92,none,2,2,none,2,2,none,2,2,none,1,0,none,3,3,none,2,2,none,2,2,none,1,1
PT11,none,2,1,none,2,2,none,2,2,A_near_term,1,1,none,3,2,none,2,0,none,2,2,none,1,1
PT15,none,2,0,none,2,1,none,2,2,none,1,1,none,3,2,none,2,0,none,2,2,none,1,1
PT16,none,2,0,none,2,1,none,2,2,A_near_term,1,1,none,3,2,none,2,0,none,2,1,none,1,1
PT17,none,2,1,none,2,1,none,2,2,A_near_term,1,1,none,3,2,none,2,0,none,2,1,none,1,1
PT18,none,2,0,none,2,1,none,2,2,A_near_term,1,1,none,3,2,none,2,0,none,2,1,none,1,1
PT20,none,2,0,none,2,1,none,2,2,A_near_term,1,1,none,3,2,none,2,0,none,2,1,none,1,1
PT30,none,2,0,none,2,1,none,2,2,none,1,1,none,3,2,none,2,0,none,2,1,none,1,1
RO11,none,2,1,none,2,0,none,2,1,C_long_term,1,1,none,3,3,none,2,2,none,2,0,none,1,0
RO12,none,2,1,none,2,0,none,2,1,C_long_term,1,1,none,3,3,none,2,2,none,2,0,none,1,0
RO21,none,2,1,none,2,0,none,2,1,A_near_term,1,1,none,3,3,none,2,2,none,2,0,none,1,0
RO22,none,2,0,none,2,0,none,2,1,C_long_term,1,1,none,3,3,none,2,2,none,2,0,none,1,0
RO31,none,2,0,none,2,0,none,2,1,A_near_term,1,1,none,3,3,none,2,2,none,2,0,none,1,0
RO32,none,2,2,none,2,1,none,2,1,none,1,1,none,3,3,none,2,2,none,2,1,none,1,0
RO41,none,2,0,none,2,0,none,2,1,C_long_term,1,1,none,3,3,none,2,2,none,2,0,none,1,0
RO42,none,2,1,none,2,0,none,2,1,none,1,1,none,3,3,none,2,2,none,2,0,none,1,0
SE11,A_near_term,2,2,A_near_term,2,2,A_near_term,2,2,A_near_term,1,1,A_near_term,3,3,A_near_term,2,2,A_near_term,2,2,A_near_term,1,1
SE12,A_near_term,2,2,A_near_term,2,2,A_near_term,2,2,A_near_term,1,1,A_near_term,3,3,A_near_term,2,2,B_medium_term,2,2,A_near_term,1,1
SE21,B_medium_term,2,2,B_medium_term,2,2,A_near_term,2,2,A_near_term,1,1,A_near_term,3,3,A_near_term,2,2,none,2,2,A_near_term,1,1
SE22,A_near_term,2,2,A_near_term,2,2,A_near_term,2,2,A_near_term,1,1,A_near_term,3,3,B_medium_term,2,2,A_near_term,2,2,A_near_term,1,1
SE23,A_near_term,2,2,A_near_term,2,2,A_near_term,2,2,A_near_term,1,1,A_near_term,3,3,A_near_term,2,2,B_medium_term,2,2,A_near_term,1,1
SE31,none,2,2,B_medium_term,2,2,B_medium_term,2,2,A_near_term,1,1,A_near_term,3,3,B_medium_term,2,2,none,2,2,A_near_term,1,1
SE32,none,2,2,B_medium_term,2,2,B_medium_term,2,2,A_near_term,1,1,A_near_term,3,3,B_medium_term,2,2,none,2,2,A_near_term,1,1
SE33,none,2,1,B_medium_term,2,2,A_near_term,2,2,A_near_term,1,1,A_near_term,3,3,B_medium_term,2,2,none,2,2,A_near_term,1,1
SI03,none,2,2,none,2,1,none,2,2,A_near_term,1,1,none,3,2,none,2,1,none,2,2,none,1,1
SI04,none,2,2,none,2,1,none,2,2,none,1,1,none,3,2,none,2,1,none,2,2,none,1,1
SK01,A_near_term,2,2,C_long_term,2,1,none,2,1,none,1,0,none,3,1,none,2,1,none,2,2,none,1,1
SK02,none,2,2,none,2,1,none,2,1,B_medium_term,1,0,none,3,1,none,2,1,none,2,2,none,1,1
SK03,none,2,1,none,2,0,none,2,1,B_medium_term,1,0,none,3,1,none,2,1,none,2,2,none,1,1
SK04,none,2,1,none,2,0,none,2,1,C_long_term,1,0,none,3,1,none,2,1,none,2,1,none,1,1
